{"stats":{"minecraft:custom":{"minecraft:time_since_rest":4425,"minecraft:play_one_minute":4425,"minecraft:crouch_one_cm":490,"minecraft:sprint_one_cm":1311,"minecraft:damage_taken":150,"minecraft:walk_one_cm":14176,"minecraft:sneak_time":63,"minecraft:mob_kills":2,"minecraft:jump":24,"minecraft:damage_dealt":204,"minecraft:time_since_death":4425,"minecraft:interact_with_crafting_table":1,"minecraft:fall_one_cm":1074,"minecraft:fly_one_cm":127},"minecraft:mined":{"minecraft:oak_log":19,"minecraft:peony":1},"minecraft:picked_up":{"minecraft:peony":1,"ars_nouveau:worn_notebook":1,"minecraft:porkchop":2,"minecraft:oak_log":19,"minecraft:string":2,"minecraft:mutton":2,"minecraft:white_wool":1},"minecraft:killed":{"minecraft:sheep":1,"minecraft:pig":2},"minecraft:used":{"minecraft:peony":1,"minecraft:wooden_axe":19,"minecraft:mutton":2,"minecraft:crafting_table":1,"minecraft:porkchop":2},"minecraft:crafted":{"minecraft:oak_planks":20,"minecraft:crafting_table":1,"minecraft:stick":4,"minecraft:wooden_axe":1}},"DataVersion":2586}