{"stats":{"minecraft:killed_by":{"minecraft:player":1,"minecraft:spider":1,"minecraft:iron_golem":1,"artifacts:mimic":1,"minecraft:zombie":1},"minecraft:custom":{"minecraft:mob_kills":72,"minecraft:interact_with_crafting_table":27,"goblintraders:trade_with_goblin":33,"minecraft:leave_game":2,"minecraft:time_since_death":17498,"minecraft:climb_one_cm":549,"minecraft:sprint_one_cm":275257,"minecraft:walk_one_cm":503079,"minecraft:drop":84,"minecraft:talked_to_villager":3,"minecraft:deaths":5,"minecraft:sneak_time":2390,"minecraft:walk_under_water_one_cm":7061,"minecraft:jump":1727,"minecraft:walk_on_water_one_cm":31868,"minecraft:interact_with_furnace":41,"tombstone:raider_killed":5,"minecraft:play_one_minute":132398,"minecraft:sleep_in_bed":2,"minecraft:time_since_rest":16162,"minecraft:waystone_activated":1,"minecraft:damage_taken":3137,"minecraft:damage_dealt":13179,"tombstone:cast_on_ally":5,"minecraft:fly_one_cm":232424,"minecraft:player_kills":1,"minecraft:open_chest":63,"minecraft:crouch_one_cm":3355,"tombstone:undead_killed":20,"minecraft:fall_one_cm":31191},"minecraft:dropped":{"minecraft:iron_ingot":49,"minecraft:enchanted_book":2,"minecraft:bread":8,"minecraft:wheat_seeds":8,"duneons:goldenspear":1,"minecraft:cooked_beef":6,"minecraft:oak_log":7,"duneons:corruptedbeaconspookyte":1,"minecraft:glass_bottle":3,"minecraft:granite":1,"minecraft:red_mushroom":2,"ars_nouveau:mana_gem":1,"duneons:swampdirt":8,"minecraft:sugar":1,"ars_nouveau:wilden_wing":4,"duneons:swampfern":6,"minecraft:bone":3,"minecraft:wheat":8,"tombstone:gift":2,"minecraft:rotten_flesh":14,"minecraft:clay_ball":4,"minecraft:oak_planks":8,"vampirism:blood_bottle":1,"minecraft:oak_sign":1,"duneons:vangardpotion":1,"minecraft:hay_block":3,"duneons:minerarmor_chestplate":1,"minecraft:allium":13,"minecraft:spider_eye":1,"minecraft:arrow":2,"minecraft:bow":1,"minecraft:wooden_pickaxe":1,"duneons:t_reedplanes":2},"minecraft:mined":{"minecraft:diamond_ore":2,"minecraft:white_bed":1,"iceandfire:silver_ore":10,"minecraft:dark_oak_leaves":1,"minecraft:granite":1,"duneons:swampfern":5,"minecraft:grass_block":1,"iceandfire:lectern":1,"minecraft:spawner":4,"minecraft:hay_block":18,"farmersdelight:wild_onions":6,"minecraft:furnace":2,"minecraft:iron_ore":128,"minecraft:andesite":1,"minecraft:peony":1,"minecraft:bookshelf":1,"duneons:urn_loot_big_red":1,"minecraft:stone":76,"minecraft:white_wool":1,"duneons:statue":1,"duneons:latticebriker":1,"minecraft:clay":1,"minecraft:crafting_table":3,"duneons:redmushroom":1,"minecraft:torch":6,"minecraft:poppy":2,"duneons:ferncreeperwoods":1,"minecraft:tall_grass":1,"minecraft:cobblestone":4,"minecraft:wall_torch":8,"minecraft:wheat":27,"duneons:stonetablemaping":1,"vampirism:med_chair":1,"minecraft:stone_brick_stairs":1,"duneons:creeperwoodstallgrass":1,"minecraft:grass":3,"minecraft:oak_log":55,"minecraft:coal_ore":104,"iceandfire:silver_pile":6,"minecraft:sand":32,"minecraft:dirt":1,"minecraft:stone_bricks":1,"duneons:mushroomcreeperwoods":1,"minecraft:gold_ore":38,"minecraft:oak_leaves":10,"duneons:t_reedplanes":2},"minecraft:picked_up":{"minecraft:wheat":27,"minecraft:crafting_table":3,"minecraft:allium":15,"minecraft:clay_ball":4,"minecraft:potion":1,"minecraft:enchanted_book":1,"minecraft:stone_brick_stairs":1,"minecraft:string":2,"ars_nouveau:mana_gem":1,"minecraft:oak_sign":1,"minecraft:bucket":1,"minecraft:beef":6,"minecraft:poppy":2,"minecraft:furnace":2,"minecraft:stick":7,"minecraft:torch":14,"duneons:stonetablemaping":1,"iceandfire:silver_ore":12,"minecraft:porkchop":27,"tombstone:grave_dust":1,"vampirism:vampire_fang":2,"minecraft:redstone":1,"minecraft:arrow":3,"vampirism:blood_bottle":1,"minecraft:rotten_flesh":11,"minecraft:peony":1,"farmersdelight:onion":6,"ars_nouveau:worn_notebook":1,"minecraft:hay_block":18,"artifacts:running_shoes":1,"duneons:statue":1,"minecraft:mutton":6,"minecraft:white_wool":4,"minecraft:cobblestone":89,"vampirism:vampire_blood_bottle":1,"vampirism:med_chair":1,"minecraft:salmon":4,"minecraft:andesite":1,"minecraft:leather":8,"minecraft:red_mushroom":2,"minecraft:potato":2,"duneons:swampdirt":8,"ars_nouveau:wilden_wing":2,"minecraft:oak_log":82,"minecraft:dirt":2,"tombstone:gift":2,"minecraft:cooked_mutton":2,"minecraft:bone":5,"minecraft:apple":1,"minecraft:stone_bricks":1,"minecraft:bow":1,"minecraft:wheat_seeds":68,"minecraft:iron_ingot":5,"vampirism:item_garlic":4,"minecraft:cooked_chicken":1,"minecraft:iron_ore":128,"duneons:swampfern":6,"minecraft:glass_bottle":2,"duneons:mushroomcreeperwoods":1,"minecraft:oak_planks":8,"minecraft:book":3,"minecraft:cooked_porkchop":1,"minecraft:sand":32,"duneons:latticebriker":1,"minecraft:white_bed":1,"minecraft:gold_ore":37,"minecraft:spider_eye":1,"duneons:wood_stronghold":1,"minecraft:sugar":1,"minecraft:diamond":2,"iceandfire:lectern":1,"minecraft:granite":1,"minecraft:emerald":2,"minecraft:bread":8,"minecraft:oak_sapling":2,"tombstone:magic_scroll":1,"iceandfire:silver_nugget":20,"minecraft:coal":172,"duneons:t_reedplanes":2},"minecraft:killed":{"vampirism:vampire":3,"minecraft:witch":5,"vampirism:advanced_vampire":2,"minecraft:spider":2,"duneons:wraith":1,"minecraft:skeleton":5,"duneons:pigchest":2,"minecraft:llama":4,"ars_nouveau:summon_wolf":3,"artifacts:mimic":1,"minecraft:husk":4,"minecraft:pig":10,"minecraft:salmon":5,"minecraft:creeper":1,"minecraft:sheep":3,"minecraft:zombie":9,"ars_nouveau:wilden_stalker":3,"minecraft:stray":1,"ars_nouveau:wilden_hunter":2,"minecraft:cow":4},"minecraft:used":{"tombstone:scroll_of_unstable_intangibility":1,"minecraft:peony":1,"iceandfire:silver_sword":189,"minecraft:chest":2,"minecraft:cooked_chicken":1,"minecraft:rotten_flesh":4,"minecraft:torch":69,"tombstone:scroll_of_preservation":1,"minecraft:dirt":2,"minecraft:mutton":3,"minecraft:allium":2,"duneons:wood_stronghold":1,"minecraft:wooden_axe":45,"duneons:mushroomcreeperwoods":1,"duneons:chainmace":1,"minecraft:stone_brick_stairs":1,"minecraft:stone_bricks":1,"minecraft:oak_sapling":2,"minecraft:furnace":3,"tombstone:gift":3,"minecraft:potato":8,"minecraft:wheat_seeds":27,"minecraft:cooked_mutton":5,"minecraft:water_bucket":1,"duneons:latticebriker":1,"minecraft:stone_pickaxe":131,"minecraft:wooden_pickaxe":48,"minecraft:salmon":4,"minecraft:white_wool":1,"farmersdelight:onion":6,"minecraft:crafting_table":6,"vampirism:hunter_table":1,"minecraft:white_bed":1,"iceandfire:silver_pickaxe":200,"minecraft:apple":2,"minecraft:bread":51,"tombstone:grave_key":1,"minecraft:stone_axe":55,"vampirism:garlic_bread":2,"duneons:vangardsword":4,"travelersbackpack:standard":6,"minecraft:cobblestone":65,"minecraft:potion":1,"minecraft:cooked_porkchop":8,"minecraft:porkchop":15,"minecraft:smithing_table":1,"minecraft:andesite":1,"minecraft:bucket":2,"vampirism:med_chair":1,"minecraft:bone_meal":48,"minecraft:splash_potion":1},"minecraft:broken":{"minecraft:stone_pickaxe":1,"minecraft:wooden_axe":1},"minecraft:crafted":{"minecraft:oak_planks":84,"vampirism:injection_garlic":1,"vampirism:garlic_bread":2,"minecraft:furnace":2,"minecraft:bone_meal":48,"minecraft:cooked_mutton":3,"minecraft:glass_pane":16,"vampirism:injection_empty":1,"vampirism:hunter_table":1,"minecraft:glass":32,"minecraft:iron_boots":1,"minecraft:stone_pickaxe":1,"minecraft:chest":3,"minecraft:wheat":135,"minecraft:cooked_beef":6,"minecraft:red_dye":2,"minecraft:cooked_porkchop":12,"iceandfire:silver_ingot":13,"minecraft:crafting_table":4,"minecraft:iron_helmet":1,"travelersbackpack:standard":1,"travelersbackpack:backpack_tank":4,"minecraft:wooden_pickaxe":1,"minecraft:smithing_table":1,"minecraft:red_wool":2,"minecraft:stone_axe":1,"minecraft:bread":47,"minecraft:air":0,"travelersbackpack:red_sleeping_bag":1,"minecraft:iron_chestplate":1,"minecraft:stick":44,"minecraft:iron_ingot":147,"minecraft:wooden_axe":1,"minecraft:iron_leggings":1,"minecraft:gold_ingot":40,"minecraft:torch":132,"iceandfire:silver_pickaxe":1,"iceandfire:silver_sword":1}},"DataVersion":2586}