{"stats":{"minecraft:killed_by":{"minecraft:player":1},"minecraft:dropped":{"minecraft:oak_log":7,"minecraft:oak_planks":8},"minecraft:custom":{"minecraft:interact_with_furnace":6,"minecraft:mob_kills":16,"minecraft:interact_with_crafting_table":13,"minecraft:play_one_minute":28425,"minecraft:time_since_death":15321,"minecraft:sleep_in_bed":1,"minecraft:time_since_rest":15024,"minecraft:waystone_activated":1,"minecraft:sprint_one_cm":58653,"minecraft:damage_taken":540,"minecraft:walk_one_cm":100093,"minecraft:drop":9,"minecraft:damage_dealt":2269,"minecraft:talked_to_villager":3,"minecraft:fly_one_cm":67576,"minecraft:player_kills":1,"minecraft:open_chest":5,"minecraft:crouch_one_cm":1132,"tombstone:undead_killed":3,"minecraft:deaths":1,"minecraft:sneak_time":339,"minecraft:jump":335,"minecraft:walk_on_water_one_cm":165,"minecraft:fall_one_cm":7555},"minecraft:mined":{"minecraft:white_bed":1,"minecraft:crafting_table":1,"minecraft:grass_block":1,"minecraft:poppy":2,"iceandfire:lectern":1,"minecraft:tall_grass":1,"minecraft:hay_block":15,"vampirism:med_chair":1,"minecraft:peony":1,"minecraft:grass":2,"minecraft:oak_log":32,"minecraft:coal_ore":12,"iceandfire:silver_pile":6,"minecraft:sand":8,"minecraft:dirt":1,"minecraft:stone":48},"minecraft:picked_up":{"minecraft:crafting_table":1,"vampirism:med_chair":1,"minecraft:leather":8,"minecraft:oak_log":59,"minecraft:dirt":2,"minecraft:string":2,"minecraft:cooked_mutton":2,"vampirism:item_garlic":4,"minecraft:beef":6,"minecraft:cooked_chicken":1,"minecraft:poppy":2,"minecraft:oak_planks":8,"minecraft:stick":3,"minecraft:porkchop":4,"minecraft:sand":8,"minecraft:white_bed":1,"minecraft:rotten_flesh":2,"minecraft:peony":1,"iceandfire:lectern":1,"ars_nouveau:worn_notebook":1,"minecraft:hay_block":15,"minecraft:oak_sapling":2,"minecraft:mutton":5,"iceandfire:silver_nugget":20,"minecraft:coal":12,"minecraft:cobblestone":47,"minecraft:white_wool":3},"minecraft:killed":{"minecraft:pig":2,"minecraft:creeper":1,"minecraft:sheep":3,"minecraft:zombie":3,"minecraft:llama":4,"minecraft:cow":4},"minecraft:used":{"minecraft:peony":1,"minecraft:cooked_mutton":2,"minecraft:stone_pickaxe":14,"minecraft:wooden_pickaxe":48,"minecraft:cooked_chicken":1,"minecraft:rotten_flesh":2,"minecraft:white_wool":1,"minecraft:dirt":2,"minecraft:mutton":2,"minecraft:crafting_table":4,"minecraft:white_bed":1,"minecraft:wooden_axe":45,"minecraft:bread":7,"minecraft:stone_axe":17,"minecraft:cobblestone":1,"minecraft:furnace":1,"minecraft:oak_sapling":2,"minecraft:porkchop":4,"vampirism:med_chair":1},"minecraft:broken":{"minecraft:wooden_axe":1},"minecraft:crafted":{"minecraft:oak_planks":28,"vampirism:injection_garlic":1,"iceandfire:silver_ingot":2,"minecraft:crafting_table":3,"minecraft:wooden_pickaxe":1,"minecraft:furnace":1,"minecraft:stone_axe":1,"minecraft:bread":45,"minecraft:air":0,"minecraft:glass_pane":16,"vampirism:injection_empty":1,"minecraft:glass":8,"minecraft:stick":12,"minecraft:stone_pickaxe":1,"minecraft:wooden_axe":1,"iceandfire:silver_sword":1,"minecraft:wheat":135}},"DataVersion":2586}