{"stats":{"minecraft:killed_by":{"minecraft:player":1,"minecraft:spider":1,"artifacts:mimic":1},"minecraft:custom":{"minecraft:mob_kills":52,"minecraft:interact_with_crafting_table":26,"goblintraders:trade_with_goblin":33,"minecraft:leave_game":1,"minecraft:time_since_death":14543,"minecraft:climb_one_cm":517,"minecraft:sprint_one_cm":206736,"minecraft:walk_one_cm":324444,"minecraft:drop":58,"minecraft:talked_to_villager":3,"minecraft:deaths":3,"minecraft:sneak_time":1683,"minecraft:walk_under_water_one_cm":2770,"minecraft:jump":1378,"minecraft:walk_on_water_one_cm":25508,"minecraft:interact_with_furnace":31,"tombstone:raider_killed":5,"minecraft:play_one_minute":98381,"minecraft:sleep_in_bed":2,"minecraft:time_since_rest":14313,"minecraft:waystone_activated":1,"minecraft:damage_taken":2385,"minecraft:damage_dealt":10793,"tombstone:cast_on_ally":5,"minecraft:fly_one_cm":190539,"minecraft:player_kills":1,"minecraft:open_chest":44,"minecraft:crouch_one_cm":2822,"tombstone:undead_killed":18,"minecraft:fall_one_cm":24539},"minecraft:dropped":{"minecraft:enchanted_book":2,"minecraft:bread":8,"minecraft:wheat_seeds":8,"minecraft:cooked_beef":6,"minecraft:oak_log":7,"minecraft:glass_bottle":3,"minecraft:granite":1,"minecraft:red_mushroom":2,"ars_nouveau:mana_gem":1,"minecraft:sugar":1,"ars_nouveau:wilden_wing":4,"duneons:swampfern":1,"minecraft:bone":2,"minecraft:wheat":8,"tombstone:gift":2,"minecraft:rotten_flesh":14,"minecraft:clay_ball":4,"minecraft:oak_planks":8,"vampirism:blood_bottle":1,"minecraft:spider_eye":1,"minecraft:arrow":2,"minecraft:bow":1,"minecraft:wooden_pickaxe":1},"minecraft:mined":{"minecraft:diamond_ore":1,"minecraft:white_bed":1,"iceandfire:silver_ore":9,"minecraft:dark_oak_leaves":1,"minecraft:granite":1,"duneons:swampfern":2,"minecraft:grass_block":1,"iceandfire:lectern":1,"minecraft:spawner":1,"minecraft:hay_block":15,"farmersdelight:wild_onions":6,"minecraft:furnace":1,"minecraft:iron_ore":117,"minecraft:andesite":1,"minecraft:peony":1,"minecraft:bookshelf":1,"minecraft:stone":73,"minecraft:white_wool":1,"duneons:redmushroom":1,"minecraft:crafting_table":2,"minecraft:clay":1,"minecraft:torch":4,"minecraft:poppy":2,"minecraft:tall_grass":1,"minecraft:cobblestone":1,"minecraft:wall_torch":7,"minecraft:wheat":6,"vampirism:med_chair":1,"iceandfire:silver_pile":6,"minecraft:grass":3,"minecraft:coal_ore":84,"minecraft:oak_log":55,"minecraft:dirt":1,"minecraft:sand":32,"minecraft:gold_ore":29,"minecraft:oak_leaves":10,"duneons:t_reedplanes":1},"minecraft:picked_up":{"minecraft:allium":15,"minecraft:crafting_table":2,"minecraft:wheat":6,"minecraft:clay_ball":4,"minecraft:potion":1,"minecraft:enchanted_book":1,"minecraft:string":2,"ars_nouveau:mana_gem":1,"minecraft:beef":6,"minecraft:poppy":2,"minecraft:furnace":1,"minecraft:stick":7,"minecraft:torch":11,"iceandfire:silver_ore":11,"minecraft:porkchop":4,"tombstone:grave_dust":1,"vampirism:vampire_fang":1,"minecraft:redstone":1,"minecraft:arrow":2,"vampirism:blood_bottle":1,"minecraft:rotten_flesh":11,"minecraft:peony":1,"farmersdelight:onion":6,"ars_nouveau:worn_notebook":1,"minecraft:hay_block":15,"artifacts:running_shoes":1,"minecraft:mutton":5,"minecraft:white_wool":4,"minecraft:cobblestone":83,"vampirism:vampire_blood_bottle":1,"vampirism:med_chair":1,"minecraft:andesite":1,"minecraft:leather":8,"minecraft:red_mushroom":2,"ars_nouveau:wilden_wing":2,"minecraft:oak_log":82,"minecraft:dirt":2,"tombstone:gift":2,"minecraft:cooked_mutton":2,"minecraft:bone":2,"minecraft:bow":1,"minecraft:wheat_seeds":14,"vampirism:item_garlic":4,"minecraft:cooked_chicken":1,"minecraft:iron_ore":117,"duneons:swampfern":1,"minecraft:glass_bottle":2,"minecraft:oak_planks":8,"minecraft:book":3,"minecraft:sand":32,"minecraft:white_bed":1,"minecraft:gold_ore":28,"minecraft:spider_eye":1,"duneons:wood_stronghold":1,"minecraft:sugar":1,"minecraft:diamond":1,"iceandfire:lectern":1,"minecraft:granite":1,"minecraft:bread":8,"minecraft:oak_sapling":2,"tombstone:magic_scroll":1,"minecraft:coal":133,"iceandfire:silver_nugget":20},"minecraft:killed":{"vampirism:vampire":1,"minecraft:witch":5,"vampirism:advanced_vampire":2,"minecraft:spider":2,"minecraft:skeleton":5,"minecraft:llama":4,"ars_nouveau:summon_wolf":3,"artifacts:mimic":1,"minecraft:husk":4,"minecraft:pig":2,"minecraft:creeper":1,"minecraft:sheep":3,"minecraft:zombie":9,"ars_nouveau:wilden_stalker":3,"ars_nouveau:wilden_hunter":2,"minecraft:cow":4},"minecraft:used":{"tombstone:scroll_of_unstable_intangibility":1,"minecraft:peony":1,"iceandfire:silver_sword":143,"minecraft:chest":2,"minecraft:cooked_chicken":1,"minecraft:rotten_flesh":4,"minecraft:torch":54,"tombstone:scroll_of_preservation":1,"minecraft:dirt":2,"minecraft:mutton":2,"duneons:wood_stronghold":1,"minecraft:wooden_axe":45,"minecraft:oak_sapling":2,"minecraft:furnace":2,"tombstone:gift":3,"minecraft:potato":6,"minecraft:wheat_seeds":6,"minecraft:cooked_mutton":5,"minecraft:stone_pickaxe":131,"minecraft:wooden_pickaxe":48,"minecraft:white_wool":1,"farmersdelight:onion":6,"minecraft:crafting_table":5,"vampirism:hunter_table":1,"minecraft:white_bed":1,"iceandfire:silver_pickaxe":142,"minecraft:bread":47,"minecraft:stone_axe":54,"vampirism:garlic_bread":2,"travelersbackpack:standard":2,"minecraft:potion":1,"minecraft:cobblestone":56,"minecraft:porkchop":4,"minecraft:smithing_table":1,"minecraft:bucket":1,"minecraft:andesite":1,"vampirism:med_chair":1,"minecraft:splash_potion":1},"minecraft:broken":{"minecraft:stone_pickaxe":1,"minecraft:wooden_axe":1},"minecraft:crafted":{"minecraft:oak_planks":84,"vampirism:injection_garlic":1,"vampirism:garlic_bread":2,"minecraft:furnace":2,"minecraft:cooked_mutton":3,"minecraft:glass_pane":16,"vampirism:injection_empty":1,"vampirism:hunter_table":1,"minecraft:glass":32,"minecraft:iron_boots":1,"minecraft:stone_pickaxe":1,"minecraft:chest":3,"minecraft:wheat":135,"minecraft:cooked_beef":6,"minecraft:red_dye":2,"iceandfire:silver_ingot":13,"minecraft:crafting_table":4,"travelersbackpack:standard":1,"travelersbackpack:backpack_tank":4,"minecraft:wooden_pickaxe":1,"minecraft:iron_helmet":1,"minecraft:smithing_table":1,"minecraft:red_wool":2,"minecraft:stone_axe":1,"minecraft:bread":47,"minecraft:air":0,"travelersbackpack:red_sleeping_bag":1,"minecraft:iron_chestplate":1,"minecraft:stick":44,"minecraft:iron_ingot":147,"minecraft:wooden_axe":1,"minecraft:gold_ingot":9,"minecraft:iron_leggings":1,"minecraft:torch":132,"iceandfire:silver_pickaxe":1,"iceandfire:silver_sword":1}},"DataVersion":2586}