{"stats":{"minecraft:custom":{"minecraft:interact_with_crafting_table":53,"minecraft:open_barrel":2,"goblintraders:trade_with_goblin":93,"minecraft:leave_game":3,"minecraft:time_since_death":79312,"minecraft:sprint_one_cm":1110665,"minecraft:drop":180,"minecraft:talked_to_villager":16,"minecraft:deaths":9,"minecraft:jump":3589,"minecraft:walk_on_water_one_cm":56629,"minecraft:interact_with_furnace":61,"minecraft:traded_with_villager":16,"minecraft:play_one_minute":333726,"minecraft:sleep_in_bed":3,"minecraft:waystone_activated":1,"minecraft:damage_dealt":35312,"minecraft:player_kills":1,"minecraft:crouch_one_cm":4103,"tombstone:undead_killed":83,"minecraft:interact_with_smoker":13,"minecraft:interact_with_anvil":2,"minecraft:mob_kills":181,"minecraft:damage_dealt_resisted":409,"minecraft:climb_one_cm":2465,"minecraft:walk_one_cm":1244615,"minecraft:sneak_time":3559,"minecraft:walk_under_water_one_cm":9133,"tombstone:raider_killed":5,"minecraft:time_since_rest":78718,"minecraft:damage_taken":6773,"minecraft:damage_absorbed":40,"tombstone:cast_on_ally":6,"minecraft:swim_one_cm":8975,"minecraft:fly_one_cm":602956,"minecraft:open_chest":302,"minecraft:fish_caught":17,"minecraft:fall_one_cm":62815},"minecraft:used":{"tombstone:scroll_of_unstable_intangibility":1,"minecraft:peony":1,"minecraft:poppy":1,"ars_nouveau:mana_berry":7,"minecraft:chest":7,"minecraft:shield":58,"tombstone:scroll_of_purification":1,"minecraft:rotten_flesh":14,"tombstone:scroll_of_preservation":1,"minecraft:mutton":3,"minecraft:carrot":21,"minecraft:allium":2,"minecraft:obsidian":12,"duneons:wood_stronghold":1,"minecraft:lava_bucket":10,"minecraft:quartz_block":1,"duneons:chainmace":53,"minecraft:stone_brick_stairs":1,"minecraft:stone_bricks":2,"minecraft:dark_oak_boat":1,"minecraft:oak_sapling":2,"minecraft:furnace":3,"minecraft:cooked_cod":10,"duneons:sickles":98,"minecraft:potato":88,"minecraft:dark_oak_sapling":5,"minecraft:stone_pickaxe":131,"minecraft:oak_planks":3,"minecraft:ender_pearl":1,"minecraft:wooden_pickaxe":48,"minecraft:sugar_cane":4,"minecraft:composter":1,"minecraft:golden_apple":2,"minecraft:white_wool":2,"iceandfire:silver_axe":144,"iceandfire:silver_pickaxe":459,"duneons:claymoreblue":3,"minecraft:dark_oak_log":2,"minecraft:bread":53,"minecraft:lectern":1,"tombstone:grave_key":1,"minecraft:gravel":9,"minecraft:nether_wart_block":1,"vampirism:garlic_bread":2,"duneons:vangardsword":155,"minecraft:smithing_table":1,"minecraft:andesite":1,"vampirism:med_chair":1,"minecraft:bone_meal":147,"minecraft:oak_fence":4,"minecraft:iron_bars":1,"minecraft:enchanting_table":2,"iceandfire:silver_sword":189,"minecraft:flint_and_steel":1,"minecraft:spruce_planks":1,"minecraft:cooked_salmon":4,"minecraft:cooked_chicken":1,"minecraft:torch":238,"minecraft:dirt":170,"minecraft:anvil":1,"minecraft:spruce_stairs":2,"minecraft:dark_oak_planks":3,"minecraft:wooden_axe":45,"duneons:mushroomcreeperwoods":1,"carryon:entity_item":25,"tombstone:gift":5,"minecraft:cooked_beef":4,"minecraft:wheat_seeds":28,"minecraft:cooked_mutton":5,"minecraft:water_bucket":57,"minecraft:baked_potato":82,"minecraft:red_nether_bricks":1,"duneons:latticebriker":1,"minecraft:fletching_table":3,"minecraft:salmon":4,"farmersdelight:onion":6,"minecraft:tnt":2,"minecraft:crafting_table":10,"vampirism:hunter_table":1,"minecraft:white_bed":2,"minecraft:smoker":1,"minecraft:oak_log":2,"minecraft:diamond_pickaxe":116,"minecraft:apple":8,"tombstone:magic_scroll":2,"minecraft:stone_axe":55,"minecraft:fishing_rod":22,"iceandfire:silver_hoe":39,"minecraft:potion":4,"minecraft:cobblestone":82,"travelersbackpack:standard":66,"minecraft:porkchop":15,"minecraft:cooked_porkchop":13,"minecraft:bucket":69,"iceandfire:silver_shovel":199,"minecraft:splash_potion":1},"minecraft:crafted":{"minecraft:oak_planks":112,"minecraft:dark_oak_boat":1,"vampirism:injection_garlic":1,"vampirism:garlic_bread":2,"minecraft:chain":3,"iceandfire:silver_shovel":1,"minecraft:cooked_mutton":3,"vampirism:hunter_table":1,"minecraft:glass":32,"iceandfire:armor_silver_metal_chestplate":1,"minecraft:iron_boots":1,"duneons:claymoreblue":1,"minecraft:chest":7,"minecraft:oak_fence":3,"minecraft:smoker":1,"iceandfire:silver_axe":1,"minecraft:emerald":16,"minecraft:cooked_porkchop":12,"minecraft:crafting_table":5,"minecraft:iron_helmet":1,"minecraft:baked_potato":109,"minecraft:wooden_pickaxe":1,"travelersbackpack:standard":1,"minecraft:smithing_table":1,"minecraft:red_wool":2,"travelersbackpack:red_sleeping_bag":1,"minecraft:iron_chestplate":1,"minecraft:diamond_pickaxe":1,"minecraft:stick":1060,"minecraft:iron_ingot":289,"minecraft:iron_block":3,"minecraft:gold_ingot":40,"iceandfire:silver_sword":1,"minecraft:fishing_rod":1,"minecraft:iron_nugget":9,"minecraft:furnace":2,"minecraft:bone_meal":147,"minecraft:glass_pane":16,"minecraft:flint_and_steel":1,"vampirism:injection_empty":1,"minecraft:stone_pickaxe":1,"minecraft:dark_oak_planks":536,"minecraft:wheat":135,"iceandfire:chain":1,"minecraft:cooked_beef":6,"minecraft:red_dye":2,"minecraft:cooked_cod":10,"iceandfire:silver_ingot":18,"minecraft:enchanting_table":1,"travelersbackpack:backpack_tank":4,"minecraft:cooked_salmon":4,"minecraft:stone_axe":1,"minecraft:bread":54,"minecraft:air":0,"iceandfire:armor_silver_metal_helmet":1,"minecraft:wooden_axe":1,"minecraft:iron_leggings":1,"minecraft:anvil":1,"minecraft:torch":132,"iceandfire:silver_pickaxe":1,"iceandfire:silver_hoe":1},"minecraft:broken":{"minecraft:iron_chestplate":1,"iceandfire:silver_pickaxe":1,"minecraft:stone_pickaxe":1,"minecraft:diamond_boots":1,"duneons:chainmace":1,"minecraft:wooden_axe":1,"minecraft:shield":1,"minecraft:iron_helmet":1},"minecraft:killed":{"vampirism:vampire":8,"minecraft:witch":5,"vampirism:advanced_vampire":3,"minecraft:spider":11,"duneons:wraith":1,"minecraft:skeleton":22,"duneons:testmob":1,"artifacts:mimic":1,"minecraft:pig":10,"minecraft:salmon":5,"minecraft:iron_golem":3,"minecraft:creeper":11,"minecraft:sheep":3,"duneons:magicalzombie":1,"minecraft:zombie":47,"minecraft:stray":4,"minecraft:blaze":6,"minecraft:cow":4,"duneons:zombievangruard":3,"duneons:pigchest":2,"minecraft:llama":4,"ars_nouveau:summon_wolf":7,"minecraft:husk":4,"ars_nouveau:wilden_stalker":8,"ars_nouveau:wilden_hunter":2,"minecraft:wither_skeleton":1},"minecraft:picked_up":{"minecraft:iron_chestplate":1,"minecraft:wheat":27,"minecraft:redstone_block":14,"minecraft:flower_pot":1,"minecraft:potion":1,"minecraft:enchanted_book":2,"minecraft:stone_brick_stairs":6,"minecraft:brewing_stand":1,"minecraft:string":11,"minecraft:red_nether_bricks":1,"ars_nouveau:mana_gem":1,"minecraft:pufferfish":3,"minecraft:oak_sign":1,"minecraft:diamond_leggings":3,"minecraft:bucket":1,"minecraft:spruce_planks":2,"minecraft:coal_block":27,"minecraft:iron_boots":1,"minecraft:furnace":2,"minecraft:tipped_arrow":1,"minecraft:golden_helmet":1,"minecraft:stick":13,"minecraft:composter":2,"minecraft:oak_fence":2,"minecraft:torch":30,"minecraft:spruce_stairs":2,"duneons:stonetablemaping":1,"iceandfire:silver_ore":16,"minecraft:porkchop":27,"tombstone:grave_dust":7,"vampirism:vampire_fang":3,"minecraft:quartz_block":1,"vampirism:blood_bottle":2,"minecraft:rotten_flesh":82,"farmersdelight:onion":10,"ars_nouveau:worn_notebook":1,"minecraft:red_tulip":1,"minecraft:blaze_rod":4,"minecraft:obsidian":18,"duneons:statue":1,"minecraft:iron_bars":15,"minecraft:cod":10,"minecraft:cobblestone":119,"minecraft:nautilus_shell":1,"minecraft:enchanting_table":1,"vampirism:vampire_book":1,"vampirism:med_chair":1,"minecraft:andesite":4,"minecraft:golden_leggings":1,"minecraft:potato":170,"duneons:swampdirt":8,"minecraft:flint":1,"minecraft:lapis_lazuli":27,"minecraft:dirt":234,"minecraft:leather_boots":1,"minecraft:bone":69,"duneons:mossendirt":11,"minecraft:bow":3,"minecraft:wheat_seeds":74,"minecraft:orange_tulip":1,"vampirism:item_garlic":4,"minecraft:mossy_stone_bricks":21,"minecraft:fletching_table":3,"duneons:mushroomcreeperwoods":1,"minecraft:oak_planks":10,"minecraft:mossy_stone_brick_stairs":5,"minecraft:cooked_porkchop":1,"minecraft:sand":58,"minecraft:nether_brick_stairs":2,"duneons:latticebriker":1,"minecraft:dark_oak_log":136,"ars_nouveau:wilden_horn":2,"minecraft:mossy_cobblestone":18,"minecraft:sugar":1,"minecraft:diamond":12,"iceandfire:lectern":1,"minecraft:granite":1,"minecraft:emerald":16,"minecraft:bread":8,"minecraft:oak_sapling":2,"iceandfire:silver_nugget":30,"minecraft:diamond_pickaxe":1,"minecraft:crafting_table":5,"minecraft:allium":15,"iceandfire:witherbone":3,"minecraft:clay_ball":4,"iceandfire:chain":1,"minecraft:wooden_pickaxe":1,"minecraft:iron_shovel":2,"minecraft:cracked_stone_bricks":8,"minecraft:beef":6,"duneons:elytepowerbow":1,"minecraft:poppy":6,"minecraft:lectern":2,"minecraft:chest":1,"minecraft:dark_oak_sapling":5,"minecraft:bowl":1,"minecraft:carrot":3,"minecraft:redstone":1,"minecraft:stone_pressure_plate":1,"minecraft:dark_oak_planks":34,"minecraft:arrow":47,"minecraft:peony":1,"minecraft:nether_bricks":7,"minecraft:diamond_boots":1,"minecraft:hay_block":18,"artifacts:running_shoes":1,"minecraft:mutton":8,"minecraft:bone_block":10,"minecraft:white_wool":5,"vampirism:vampire_blood_bottle":1,"minecraft:salmon":8,"minecraft:leather":8,"minecraft:red_mushroom":2,"ars_nouveau:wilden_wing":5,"minecraft:oak_log":83,"minecraft:nether_wart_block":1,"minecraft:gunpowder":13,"tombstone:gift":2,"duneons:goldenspear":2,"minecraft:cooked_mutton":2,"minecraft:stone_bricks":2,"minecraft:apple":1,"iceandfire:pixie_jar_empty":2,"minecraft:iron_ingot":26,"minecraft:cooked_chicken":1,"minecraft:iron_ore":220,"duneons:swampfern":6,"minecraft:glass_bottle":3,"minecraft:book":51,"minecraft:chiseled_stone_bricks":3,"minecraft:quartz":8,"minecraft:gravel":9,"minecraft:white_bed":2,"minecraft:gold_ore":37,"duneons:maidhelemt_helmet":1,"minecraft:spider_eye":7,"duneons:wood_stronghold":1,"minecraft:mossy_cobblestone_stairs":2,"tombstone:magic_scroll":5,"minecraft:coal":274,"duneons:t_reedplanes":2,"minecraft:ender_pearl":2},"minecraft:killed_by":{"minecraft:creeper":1,"artifacts:mimic":1,"minecraft:zombie":2,"minecraft:player":1,"minecraft:spider":1,"minecraft:iron_golem":2,"minecraft:skeleton":1},"minecraft:mined":{"minecraft:stone_pressure_plate":2,"minecraft:white_bed":2,"minecraft:red_nether_bricks":1,"minecraft:brewing_stand":1,"minecraft:obsidian":18,"minecraft:granite":1,"duneons:swampfern":5,"minecraft:grass_block":136,"iceandfire:lectern":1,"minecraft:coal_block":27,"minecraft:composter":2,"minecraft:chiseled_stone_bricks":2,"minecraft:spawner":38,"minecraft:iron_ore":221,"minecraft:fire":1,"minecraft:fletching_table":3,"minecraft:enchanting_table":1,"minecraft:red_tulip":1,"duneons:urn_loot_big_red":1,"minecraft:quartz_block":1,"duneons:latticebriker":1,"ars_nouveau:mana_berry_bush":1,"minecraft:clay":1,"minecraft:torch":10,"minecraft:poppy":2,"minecraft:chest":1,"duneons:ferncreeperwoods":1,"minecraft:nether_quartz_ore":4,"minecraft:cobblestone":6,"minecraft:wall_torch":10,"minecraft:wheat":27,"vampirism:med_chair":1,"minecraft:stone_brick_stairs":4,"duneons:creeperwoodstallgrass":1,"minecraft:grass":24,"minecraft:oak_log":55,"minecraft:dark_oak_sapling":1,"minecraft:sand":32,"minecraft:dirt":69,"minecraft:oak_leaves":10,"minecraft:diamond_ore":12,"farmersdelight:onions":1,"iceandfire:silver_ore":14,"minecraft:mossy_cobblestone":1,"minecraft:dark_oak_leaves":5,"minecraft:dark_oak_log":136,"minecraft:nether_bricks":1,"minecraft:hay_block":18,"farmersdelight:wild_onions":6,"minecraft:furnace":2,"minecraft:carrots":1,"minecraft:andesite":2,"minecraft:peony":1,"minecraft:bookshelf":17,"minecraft:potatoes":46,"minecraft:vine":5,"duneons:mossendirt":11,"minecraft:stone":104,"minecraft:bone_block":10,"minecraft:white_wool":2,"iceandfire:pixie_jar_empty":2,"duneons:statue":1,"minecraft:redstone_block":14,"minecraft:glass_pane":2,"minecraft:oak_fence":2,"minecraft:crafting_table":5,"duneons:redmushroom":1,"minecraft:lectern":2,"minecraft:tall_grass":4,"minecraft:lapis_ore":4,"duneons:stonetablemaping":1,"minecraft:birch_leaves":3,"minecraft:coal_ore":203,"iceandfire:silver_pile":9,"minecraft:gravel":10,"minecraft:cracked_stone_bricks":2,"minecraft:stone_bricks":1,"duneons:mushroomcreeperwoods":1,"minecraft:mossy_stone_bricks":4,"minecraft:gold_ore":38,"duneons:t_reedplanes":2},"minecraft:dropped":{"minecraft:nether_brick_stairs":2,"duneons:goldenspear":2,"minecraft:cooked_beef":6,"minecraft:oak_log":7,"minecraft:baked_potato":11,"duneons:corruptedbeaconspookyte":1,"minecraft:glass_bottle":6,"duneons:mossendirt":11,"minecraft:red_mushroom":2,"minecraft:sugar":1,"ars_nouveau:wilden_horn":1,"minecraft:bone":5,"duneons:elytepowerbow":1,"minecraft:wheat":8,"tombstone:gift":2,"duneons:maidhelemt_helmet":1,"minecraft:rotten_flesh":34,"minecraft:oak_planks":10,"vampirism:blood_bottle":2,"duneons:vangardpotion":1,"minecraft:poppy":2,"duneons:claymoreblue":1,"minecraft:tipped_arrow":1,"minecraft:leather_leggings":1,"minecraft:arrow":5,"minecraft:iron_bars":7,"minecraft:enchanted_book":2,"minecraft:iron_ingot":59,"minecraft:bread":15,"minecraft:wheat_seeds":13,"tombstone:tablet_of_home":1,"minecraft:mossy_cobblestone":4,"vampirism:vampire_book":1,"minecraft:diamond_leggings":2,"minecraft:granite":1,"minecraft:pufferfish":3,"minecraft:stick":2,"ars_nouveau:mana_gem":1,"duneons:swampdirt":8,"minecraft:iron_leggings":1,"minecraft:iron_shovel":1,"ars_nouveau:wilden_wing":4,"duneons:swampfern":6,"minecraft:bowl":1,"minecraft:clay_ball":4,"minecraft:iron_boots":1,"duneons:oaktotem":1,"minecraft:nether_bricks":6,"minecraft:oak_sign":1,"minecraft:glass_pane":1,"minecraft:hay_block":3,"minecraft:allium":13,"duneons:minerarmor_chestplate":1,"minecraft:spruce_planks":1,"minecraft:iron_chestplate":1,"minecraft:andesite":2,"minecraft:mossy_stone_bricks":2,"minecraft:stone_pressure_plate":1,"minecraft:spider_eye":4,"minecraft:bow":1,"minecraft:wooden_pickaxe":1,"minecraft:red_tulip":1,"duneons:t_reedplanes":2,"minecraft:nautilus_shell":1}},"DataVersion":2586}