{"stats":{"minecraft:killed_by":{"minecraft:player":1,"artifacts:mimic":1},"minecraft:custom":{"minecraft:mob_kills":47,"minecraft:interact_with_crafting_table":20,"goblintraders:trade_with_goblin":33,"minecraft:time_since_death":18000,"minecraft:sprint_one_cm":150852,"minecraft:walk_one_cm":255815,"minecraft:drop":46,"minecraft:talked_to_villager":3,"minecraft:deaths":2,"minecraft:sneak_time":1594,"minecraft:walk_under_water_one_cm":2770,"minecraft:jump":1068,"minecraft:walk_on_water_one_cm":25508,"minecraft:interact_with_furnace":23,"minecraft:play_one_minute":76425,"minecraft:sleep_in_bed":1,"minecraft:time_since_rest":17597,"minecraft:waystone_activated":1,"minecraft:damage_taken":1824,"minecraft:damage_dealt":9020,"tombstone:cast_on_ally":5,"minecraft:fly_one_cm":121800,"minecraft:player_kills":1,"minecraft:open_chest":16,"minecraft:crouch_one_cm":2727,"tombstone:undead_killed":18,"minecraft:fall_one_cm":16444},"minecraft:dropped":{"minecraft:enchanted_book":2,"minecraft:bread":8,"minecraft:cooked_beef":6,"minecraft:oak_log":7,"minecraft:granite":1,"minecraft:red_mushroom":2,"ars_nouveau:mana_gem":1,"ars_nouveau:wilden_wing":4,"duneons:swampfern":1,"minecraft:bone":2,"minecraft:wheat":8,"tombstone:gift":2,"minecraft:rotten_flesh":14,"minecraft:clay_ball":4,"minecraft:oak_planks":8,"vampirism:blood_bottle":1,"minecraft:spider_eye":1,"minecraft:arrow":2,"minecraft:bow":1,"minecraft:wooden_pickaxe":1},"minecraft:mined":{"minecraft:diamond_ore":1,"minecraft:white_bed":1,"iceandfire:silver_ore":9,"minecraft:dark_oak_leaves":1,"minecraft:granite":1,"duneons:swampfern":2,"minecraft:grass_block":1,"iceandfire:lectern":1,"minecraft:hay_block":15,"minecraft:furnace":1,"minecraft:iron_ore":117,"minecraft:andesite":1,"minecraft:peony":1,"minecraft:stone":73,"duneons:redmushroom":1,"minecraft:crafting_table":2,"minecraft:clay":1,"minecraft:torch":4,"minecraft:poppy":2,"minecraft:tall_grass":1,"minecraft:wall_torch":7,"vampirism:med_chair":1,"iceandfire:silver_pile":6,"minecraft:grass":2,"minecraft:coal_ore":84,"minecraft:oak_log":55,"minecraft:dirt":1,"minecraft:sand":32,"minecraft:gold_ore":29,"minecraft:oak_leaves":10},"minecraft:picked_up":{"minecraft:crafting_table":2,"minecraft:clay_ball":4,"minecraft:enchanted_book":1,"minecraft:string":2,"ars_nouveau:mana_gem":1,"minecraft:beef":6,"minecraft:poppy":2,"minecraft:furnace":1,"minecraft:stick":3,"minecraft:torch":11,"iceandfire:silver_ore":11,"minecraft:porkchop":4,"tombstone:grave_dust":1,"vampirism:vampire_fang":1,"minecraft:arrow":2,"vampirism:blood_bottle":1,"minecraft:rotten_flesh":11,"minecraft:peony":1,"ars_nouveau:worn_notebook":1,"minecraft:hay_block":15,"artifacts:running_shoes":1,"minecraft:mutton":5,"minecraft:white_wool":3,"minecraft:cobblestone":82,"vampirism:vampire_blood_bottle":1,"vampirism:med_chair":1,"minecraft:andesite":1,"minecraft:leather":8,"minecraft:red_mushroom":2,"ars_nouveau:wilden_wing":2,"minecraft:oak_log":82,"minecraft:dirt":2,"tombstone:gift":2,"minecraft:cooked_mutton":2,"minecraft:bone":2,"minecraft:bow":1,"vampirism:item_garlic":4,"minecraft:cooked_chicken":1,"minecraft:iron_ore":117,"duneons:swampfern":1,"minecraft:oak_planks":8,"minecraft:sand":32,"minecraft:white_bed":1,"minecraft:gold_ore":28,"minecraft:spider_eye":1,"minecraft:diamond":1,"iceandfire:lectern":1,"minecraft:granite":1,"minecraft:bread":8,"minecraft:oak_sapling":2,"tombstone:magic_scroll":1,"minecraft:coal":133,"iceandfire:silver_nugget":20},"minecraft:killed":{"vampirism:vampire":1,"vampirism:advanced_vampire":2,"minecraft:spider":2,"minecraft:skeleton":5,"minecraft:llama":4,"ars_nouveau:summon_wolf":3,"artifacts:mimic":1,"minecraft:husk":4,"minecraft:pig":2,"minecraft:creeper":1,"minecraft:sheep":3,"minecraft:zombie":9,"ars_nouveau:wilden_stalker":3,"ars_nouveau:wilden_hunter":2,"minecraft:cow":4},"minecraft:used":{"tombstone:scroll_of_unstable_intangibility":1,"minecraft:peony":1,"iceandfire:silver_sword":113,"minecraft:chest":2,"minecraft:cooked_chicken":1,"minecraft:rotten_flesh":3,"minecraft:torch":54,"tombstone:scroll_of_preservation":1,"minecraft:dirt":2,"minecraft:mutton":2,"minecraft:wooden_axe":45,"minecraft:oak_sapling":2,"minecraft:furnace":2,"tombstone:gift":3,"minecraft:cooked_mutton":2,"minecraft:stone_pickaxe":131,"minecraft:wooden_pickaxe":48,"minecraft:white_wool":1,"minecraft:crafting_table":5,"minecraft:white_bed":1,"iceandfire:silver_pickaxe":140,"minecraft:bread":45,"minecraft:stone_axe":54,"minecraft:cobblestone":46,"minecraft:porkchop":4,"minecraft:andesite":1,"vampirism:med_chair":1},"minecraft:broken":{"minecraft:stone_pickaxe":1,"minecraft:wooden_axe":1},"minecraft:crafted":{"minecraft:oak_planks":64,"vampirism:injection_garlic":1,"minecraft:furnace":2,"minecraft:cooked_mutton":3,"minecraft:glass_pane":16,"vampirism:injection_empty":1,"minecraft:glass":8,"minecraft:iron_boots":1,"minecraft:stone_pickaxe":1,"minecraft:chest":2,"minecraft:wheat":135,"minecraft:cooked_beef":6,"iceandfire:silver_ingot":13,"minecraft:crafting_table":4,"minecraft:wooden_pickaxe":1,"minecraft:iron_helmet":1,"minecraft:stone_axe":1,"minecraft:bread":45,"minecraft:air":0,"minecraft:iron_chestplate":1,"minecraft:stick":44,"minecraft:iron_ingot":83,"minecraft:wooden_axe":1,"minecraft:gold_ingot":9,"minecraft:iron_leggings":1,"minecraft:torch":132,"iceandfire:silver_pickaxe":1,"iceandfire:silver_sword":1}},"DataVersion":2586}