{"stats":{"minecraft:killed_by":{"artifacts:mimic":1,"minecraft:zombie":2,"minecraft:player":1,"minecraft:spider":1,"minecraft:iron_golem":1,"minecraft:skeleton":1},"minecraft:custom":{"minecraft:interact_with_crafting_table":34,"minecraft:open_barrel":2,"goblintraders:trade_with_goblin":93,"minecraft:leave_game":2,"minecraft:time_since_death":40663,"minecraft:sprint_one_cm":660782,"minecraft:drop":133,"minecraft:talked_to_villager":3,"minecraft:deaths":7,"minecraft:jump":2264,"minecraft:walk_on_water_one_cm":44877,"minecraft:interact_with_furnace":50,"minecraft:play_one_minute":213263,"minecraft:sleep_in_bed":2,"minecraft:waystone_activated":1,"minecraft:damage_dealt":23717,"minecraft:player_kills":1,"minecraft:crouch_one_cm":4046,"tombstone:undead_killed":59,"minecraft:interact_with_anvil":1,"minecraft:mob_kills":127,"minecraft:damage_dealt_resisted":333,"minecraft:climb_one_cm":1556,"minecraft:walk_one_cm":819163,"minecraft:sneak_time":3405,"minecraft:walk_under_water_one_cm":7384,"tombstone:raider_killed":5,"minecraft:time_since_rest":38416,"minecraft:damage_taken":4438,"minecraft:damage_absorbed":40,"tombstone:cast_on_ally":6,"minecraft:fly_one_cm":287211,"minecraft:open_chest":167,"minecraft:fall_one_cm":37123},"minecraft:dropped":{"minecraft:nether_brick_stairs":2,"duneons:goldenspear":1,"minecraft:cooked_beef":6,"minecraft:oak_log":7,"duneons:corruptedbeaconspookyte":1,"minecraft:glass_bottle":6,"minecraft:red_mushroom":2,"minecraft:sugar":1,"minecraft:bone":3,"duneons:elytepowerbow":1,"minecraft:wheat":8,"tombstone:gift":2,"minecraft:rotten_flesh":28,"minecraft:oak_planks":10,"vampirism:blood_bottle":2,"duneons:vangardpotion":1,"minecraft:poppy":2,"minecraft:tipped_arrow":1,"minecraft:leather_leggings":1,"minecraft:iron_bars":7,"minecraft:arrow":3,"minecraft:enchanted_book":2,"minecraft:iron_ingot":49,"minecraft:bread":15,"minecraft:wheat_seeds":8,"minecraft:mossy_cobblestone":4,"vampirism:vampire_book":1,"minecraft:diamond_leggings":2,"minecraft:granite":1,"ars_nouveau:mana_gem":1,"duneons:swampdirt":8,"minecraft:iron_leggings":1,"minecraft:iron_shovel":1,"ars_nouveau:wilden_wing":4,"duneons:swampfern":6,"minecraft:clay_ball":4,"minecraft:iron_boots":1,"minecraft:nether_bricks":6,"minecraft:oak_sign":1,"minecraft:hay_block":3,"minecraft:allium":13,"duneons:minerarmor_chestplate":1,"minecraft:spruce_planks":1,"minecraft:iron_chestplate":1,"minecraft:andesite":2,"minecraft:spider_eye":4,"minecraft:bow":1,"minecraft:wooden_pickaxe":1,"duneons:t_reedplanes":2},"minecraft:mined":{"minecraft:white_bed":1,"minecraft:red_nether_bricks":1,"minecraft:obsidian":18,"minecraft:granite":1,"duneons:swampfern":5,"minecraft:grass_block":1,"iceandfire:lectern":1,"minecraft:coal_block":27,"minecraft:chiseled_stone_bricks":1,"minecraft:spawner":17,"minecraft:iron_ore":198,"minecraft:fire":1,"minecraft:fletching_table":1,"duneons:urn_loot_big_red":1,"minecraft:quartz_block":1,"duneons:latticebriker":1,"ars_nouveau:mana_berry_bush":1,"minecraft:clay":1,"minecraft:torch":8,"minecraft:poppy":2,"duneons:ferncreeperwoods":1,"minecraft:cobblestone":6,"minecraft:wall_torch":9,"minecraft:wheat":27,"vampirism:med_chair":1,"duneons:creeperwoodstallgrass":1,"minecraft:stone_brick_stairs":1,"minecraft:grass":3,"minecraft:oak_log":55,"minecraft:sand":32,"minecraft:dirt":1,"minecraft:oak_leaves":10,"minecraft:diamond_ore":12,"farmersdelight:onions":1,"iceandfire:silver_ore":14,"minecraft:mossy_cobblestone":1,"minecraft:dark_oak_leaves":1,"minecraft:hay_block":18,"farmersdelight:wild_onions":6,"minecraft:furnace":2,"minecraft:carrots":1,"minecraft:andesite":2,"minecraft:peony":1,"minecraft:bookshelf":1,"minecraft:potatoes":1,"minecraft:vine":3,"minecraft:stone":103,"minecraft:white_wool":1,"duneons:statue":1,"minecraft:redstone_block":14,"minecraft:oak_fence":2,"minecraft:crafting_table":3,"duneons:redmushroom":1,"minecraft:tall_grass":1,"minecraft:lapis_ore":4,"duneons:stonetablemaping":1,"minecraft:coal_ore":203,"iceandfire:silver_pile":6,"minecraft:cracked_stone_bricks":2,"minecraft:stone_bricks":1,"duneons:mushroomcreeperwoods":1,"minecraft:mossy_stone_bricks":3,"minecraft:gold_ore":38,"duneons:t_reedplanes":2},"minecraft:picked_up":{"minecraft:iron_chestplate":1,"minecraft:wheat":27,"minecraft:redstone_block":14,"minecraft:flower_pot":1,"minecraft:enchanted_book":1,"minecraft:potion":1,"minecraft:stone_brick_stairs":2,"minecraft:string":4,"minecraft:red_nether_bricks":1,"ars_nouveau:mana_gem":1,"minecraft:oak_sign":1,"minecraft:diamond_leggings":3,"minecraft:bucket":1,"minecraft:spruce_planks":2,"minecraft:coal_block":27,"minecraft:furnace":2,"minecraft:golden_helmet":1,"minecraft:tipped_arrow":1,"minecraft:stick":7,"minecraft:oak_fence":2,"minecraft:torch":26,"duneons:stonetablemaping":1,"minecraft:spruce_stairs":2,"iceandfire:silver_ore":16,"minecraft:porkchop":27,"tombstone:grave_dust":4,"vampirism:vampire_fang":2,"minecraft:quartz_block":1,"vampirism:blood_bottle":1,"minecraft:rotten_flesh":51,"farmersdelight:onion":10,"ars_nouveau:worn_notebook":1,"minecraft:obsidian":18,"duneons:statue":1,"minecraft:iron_bars":15,"minecraft:cobblestone":118,"vampirism:vampire_book":1,"vampirism:med_chair":1,"minecraft:andesite":4,"minecraft:golden_leggings":1,"minecraft:potato":7,"duneons:swampdirt":8,"minecraft:dirt":2,"minecraft:lapis_lazuli":27,"minecraft:leather_boots":1,"minecraft:bone":39,"minecraft:bow":2,"minecraft:wheat_seeds":68,"minecraft:orange_tulip":1,"vampirism:item_garlic":4,"minecraft:mossy_stone_bricks":19,"minecraft:fletching_table":1,"duneons:mushroomcreeperwoods":1,"minecraft:oak_planks":10,"minecraft:mossy_stone_brick_stairs":4,"minecraft:cooked_porkchop":1,"minecraft:sand":32,"minecraft:nether_brick_stairs":2,"duneons:latticebriker":1,"minecraft:mossy_cobblestone":18,"minecraft:sugar":1,"minecraft:diamond":12,"iceandfire:lectern":1,"minecraft:granite":1,"minecraft:emerald":2,"minecraft:bread":8,"minecraft:oak_sapling":2,"iceandfire:silver_nugget":20,"minecraft:diamond_pickaxe":1,"minecraft:crafting_table":3,"minecraft:allium":15,"iceandfire:witherbone":3,"minecraft:clay_ball":4,"minecraft:wooden_pickaxe":1,"minecraft:iron_shovel":2,"minecraft:cracked_stone_bricks":8,"minecraft:beef":6,"duneons:elytepowerbow":1,"minecraft:poppy":5,"minecraft:carrot":3,"minecraft:redstone":1,"minecraft:arrow":23,"minecraft:peony":1,"minecraft:nether_bricks":6,"minecraft:diamond_boots":1,"minecraft:hay_block":18,"artifacts:running_shoes":1,"minecraft:mutton":8,"minecraft:white_wool":4,"vampirism:vampire_blood_bottle":1,"minecraft:salmon":4,"minecraft:leather":8,"minecraft:red_mushroom":2,"ars_nouveau:wilden_wing":2,"minecraft:oak_log":82,"minecraft:nether_wart_block":1,"minecraft:gunpowder":2,"tombstone:gift":2,"minecraft:cooked_mutton":2,"minecraft:apple":1,"minecraft:stone_bricks":1,"minecraft:iron_ingot":9,"minecraft:cooked_chicken":1,"minecraft:iron_ore":198,"duneons:swampfern":6,"minecraft:glass_bottle":3,"minecraft:book":3,"minecraft:chiseled_stone_bricks":1,"minecraft:white_bed":1,"minecraft:gold_ore":37,"minecraft:spider_eye":7,"duneons:wood_stronghold":1,"minecraft:mossy_cobblestone_stairs":2,"tombstone:magic_scroll":5,"minecraft:coal":274,"duneons:t_reedplanes":2,"minecraft:ender_pearl":2},"minecraft:killed":{"vampirism:vampire":6,"minecraft:witch":5,"vampirism:advanced_vampire":2,"minecraft:spider":9,"duneons:wraith":1,"minecraft:skeleton":16,"artifacts:mimic":1,"minecraft:pig":10,"minecraft:salmon":5,"minecraft:creeper":3,"minecraft:sheep":3,"duneons:magicalzombie":1,"minecraft:zombie":33,"minecraft:stray":4,"minecraft:cow":4,"duneons:pigchest":2,"minecraft:llama":4,"ars_nouveau:summon_wolf":3,"minecraft:husk":4,"ars_nouveau:wilden_stalker":5,"ars_nouveau:wilden_hunter":2},"minecraft:used":{"tombstone:scroll_of_unstable_intangibility":1,"minecraft:peony":1,"ars_nouveau:mana_berry":3,"minecraft:shield":2,"minecraft:chest":2,"tombstone:scroll_of_purification":1,"minecraft:rotten_flesh":5,"tombstone:scroll_of_preservation":1,"minecraft:mutton":3,"minecraft:carrot":21,"minecraft:allium":2,"duneons:wood_stronghold":1,"minecraft:lava_bucket":5,"minecraft:quartz_block":1,"duneons:chainmace":53,"minecraft:stone_brick_stairs":1,"minecraft:stone_bricks":1,"minecraft:furnace":3,"minecraft:oak_sapling":2,"minecraft:potato":8,"minecraft:stone_pickaxe":131,"minecraft:wooden_pickaxe":48,"minecraft:golden_apple":2,"minecraft:white_wool":1,"iceandfire:silver_pickaxe":459,"minecraft:bread":52,"tombstone:grave_key":1,"vampirism:garlic_bread":2,"minecraft:nether_wart_block":1,"duneons:vangardsword":111,"minecraft:smithing_table":1,"minecraft:andesite":1,"vampirism:med_chair":1,"minecraft:bone_meal":48,"minecraft:oak_fence":2,"minecraft:iron_bars":1,"iceandfire:silver_sword":189,"minecraft:spruce_planks":1,"minecraft:cooked_chicken":1,"minecraft:torch":176,"minecraft:dirt":2,"minecraft:anvil":1,"minecraft:spruce_stairs":2,"minecraft:wooden_axe":45,"duneons:mushroomcreeperwoods":1,"carryon:entity_item":25,"tombstone:gift":5,"minecraft:cooked_beef":4,"minecraft:wheat_seeds":27,"minecraft:cooked_mutton":5,"minecraft:water_bucket":11,"duneons:latticebriker":1,"minecraft:baked_potato":6,"minecraft:red_nether_bricks":1,"minecraft:salmon":4,"farmersdelight:onion":6,"minecraft:crafting_table":7,"vampirism:hunter_table":1,"minecraft:white_bed":1,"minecraft:diamond_pickaxe":45,"minecraft:apple":8,"tombstone:magic_scroll":2,"minecraft:stone_axe":55,"minecraft:cobblestone":82,"minecraft:potion":3,"travelersbackpack:standard":29,"minecraft:cooked_porkchop":13,"minecraft:porkchop":15,"minecraft:bucket":17,"minecraft:splash_potion":1},"minecraft:broken":{"iceandfire:silver_pickaxe":1,"minecraft:stone_pickaxe":1,"duneons:chainmace":1,"minecraft:wooden_axe":1,"minecraft:iron_helmet":1},"minecraft:crafted":{"minecraft:oak_planks":100,"vampirism:injection_garlic":1,"vampirism:garlic_bread":2,"minecraft:chain":3,"minecraft:cooked_mutton":3,"vampirism:hunter_table":1,"minecraft:glass":32,"minecraft:iron_boots":1,"minecraft:chest":3,"minecraft:oak_fence":3,"minecraft:cooked_porkchop":12,"minecraft:crafting_table":4,"minecraft:baked_potato":15,"minecraft:wooden_pickaxe":1,"travelersbackpack:standard":1,"minecraft:iron_helmet":1,"minecraft:smithing_table":1,"minecraft:red_wool":2,"travelersbackpack:red_sleeping_bag":1,"minecraft:iron_chestplate":1,"minecraft:diamond_pickaxe":1,"minecraft:stick":48,"minecraft:iron_ingot":278,"minecraft:iron_block":3,"minecraft:gold_ingot":40,"iceandfire:silver_sword":1,"minecraft:iron_nugget":9,"minecraft:furnace":2,"minecraft:bone_meal":48,"minecraft:glass_pane":16,"vampirism:injection_empty":1,"minecraft:stone_pickaxe":1,"iceandfire:chain":1,"minecraft:wheat":135,"minecraft:cooked_beef":6,"minecraft:red_dye":2,"iceandfire:silver_ingot":14,"travelersbackpack:backpack_tank":4,"minecraft:stone_axe":1,"minecraft:bread":54,"minecraft:air":0,"minecraft:wooden_axe":1,"minecraft:iron_leggings":1,"minecraft:anvil":1,"minecraft:torch":132,"iceandfire:silver_pickaxe":1}},"DataVersion":2586}