{"stats":{"minecraft:killed_by":{"minecraft:player":1},"minecraft:custom":{"minecraft:interact_with_furnace":10,"minecraft:mob_kills":28,"minecraft:interact_with_crafting_table":16,"minecraft:play_one_minute":40425,"minecraft:time_since_death":27321,"minecraft:sleep_in_bed":1,"minecraft:time_since_rest":27024,"minecraft:waystone_activated":1,"minecraft:sprint_one_cm":83245,"minecraft:damage_taken":840,"minecraft:walk_one_cm":141657,"minecraft:drop":23,"minecraft:damage_dealt":4021,"tombstone:cast_on_ally":2,"minecraft:talked_to_villager":3,"minecraft:fly_one_cm":77016,"minecraft:player_kills":1,"minecraft:open_chest":12,"minecraft:crouch_one_cm":2058,"tombstone:undead_killed":11,"minecraft:deaths":1,"minecraft:sneak_time":1165,"minecraft:jump":471,"minecraft:walk_on_water_one_cm":710,"minecraft:fall_one_cm":8846},"minecraft:dropped":{"minecraft:enchanted_book":1,"minecraft:bread":8,"minecraft:oak_log":7,"minecraft:clay_ball":4,"minecraft:oak_planks":8,"minecraft:bow":1},"minecraft:mined":{"minecraft:white_bed":1,"minecraft:clay":1,"minecraft:crafting_table":1,"minecraft:torch":1,"minecraft:grass_block":1,"minecraft:poppy":2,"iceandfire:lectern":1,"minecraft:tall_grass":1,"minecraft:hay_block":15,"minecraft:iron_ore":25,"vampirism:med_chair":1,"minecraft:andesite":1,"minecraft:peony":1,"minecraft:grass":2,"minecraft:oak_log":32,"minecraft:coal_ore":69,"iceandfire:silver_pile":6,"minecraft:sand":8,"minecraft:dirt":1,"minecraft:stone":56},"minecraft:picked_up":{"minecraft:crafting_table":1,"vampirism:med_chair":1,"minecraft:clay_ball":4,"minecraft:andesite":1,"minecraft:leather":8,"minecraft:oak_log":59,"minecraft:dirt":2,"minecraft:string":2,"minecraft:cooked_mutton":2,"minecraft:bow":1,"vampirism:item_garlic":4,"minecraft:beef":6,"minecraft:cooked_chicken":1,"minecraft:iron_ore":25,"minecraft:poppy":2,"minecraft:oak_planks":8,"minecraft:stick":3,"minecraft:torch":1,"iceandfire:silver_ore":2,"minecraft:porkchop":4,"minecraft:sand":8,"tombstone:grave_dust":1,"minecraft:white_bed":1,"minecraft:rotten_flesh":4,"minecraft:peony":1,"iceandfire:lectern":1,"ars_nouveau:worn_notebook":1,"minecraft:hay_block":15,"minecraft:bread":8,"tombstone:magic_scroll":1,"minecraft:oak_sapling":2,"minecraft:mutton":5,"iceandfire:silver_nugget":20,"minecraft:coal":66,"minecraft:cobblestone":56,"minecraft:white_wool":3},"minecraft:killed":{"minecraft:husk":4,"minecraft:pig":2,"minecraft:creeper":1,"minecraft:sheep":3,"minecraft:skeleton":3,"minecraft:zombie":4,"minecraft:llama":4,"ars_nouveau:summon_wolf":1,"ars_nouveau:wilden_hunter":1,"minecraft:cow":4},"minecraft:used":{"tombstone:scroll_of_unstable_intangibility":1,"minecraft:peony":1,"minecraft:cooked_mutton":2,"iceandfire:silver_sword":30,"minecraft:stone_pickaxe":106,"minecraft:chest":2,"minecraft:wooden_pickaxe":48,"minecraft:cooked_chicken":1,"minecraft:rotten_flesh":2,"minecraft:white_wool":1,"minecraft:torch":7,"minecraft:dirt":2,"minecraft:mutton":2,"minecraft:crafting_table":5,"minecraft:white_bed":1,"minecraft:wooden_axe":45,"minecraft:bread":21,"minecraft:stone_axe":17,"minecraft:cobblestone":1,"minecraft:furnace":1,"minecraft:oak_sapling":2,"minecraft:porkchop":4,"minecraft:andesite":1,"tombstone:gift":3,"vampirism:med_chair":1},"minecraft:broken":{"minecraft:wooden_axe":1},"minecraft:crafted":{"minecraft:cooked_beef":6,"minecraft:oak_planks":48,"vampirism:injection_garlic":1,"iceandfire:silver_ingot":2,"minecraft:crafting_table":4,"minecraft:wooden_pickaxe":1,"minecraft:furnace":1,"minecraft:stone_axe":1,"minecraft:bread":45,"minecraft:air":0,"minecraft:glass_pane":16,"vampirism:injection_empty":1,"minecraft:glass":8,"minecraft:stick":12,"minecraft:stone_pickaxe":1,"minecraft:wooden_axe":1,"minecraft:chest":2,"minecraft:torch":12,"iceandfire:silver_sword":1,"minecraft:wheat":135}},"DataVersion":2586}