{"stats":{"minecraft:killed_by":{"minecraft:player":1,"minecraft:spider":1,"minecraft:iron_golem":1,"minecraft:skeleton":1,"artifacts:mimic":1,"minecraft:zombie":2},"minecraft:custom":{"minecraft:mob_kills":122,"minecraft:interact_with_crafting_table":28,"minecraft:open_barrel":2,"goblintraders:trade_with_goblin":91,"minecraft:damage_dealt_resisted":333,"minecraft:leave_game":2,"minecraft:time_since_death":16663,"minecraft:climb_one_cm":549,"minecraft:sprint_one_cm":562525,"minecraft:walk_one_cm":739901,"minecraft:drop":125,"minecraft:talked_to_villager":3,"minecraft:deaths":7,"minecraft:sneak_time":3085,"minecraft:walk_under_water_one_cm":7222,"minecraft:jump":2041,"minecraft:walk_on_water_one_cm":44530,"minecraft:interact_with_furnace":45,"tombstone:raider_killed":5,"minecraft:play_one_minute":189263,"minecraft:sleep_in_bed":2,"minecraft:time_since_rest":14416,"minecraft:waystone_activated":1,"minecraft:damage_taken":4230,"minecraft:damage_dealt":22608,"tombstone:cast_on_ally":6,"minecraft:player_kills":1,"minecraft:fly_one_cm":249499,"minecraft:open_chest":137,"minecraft:crouch_one_cm":3821,"tombstone:undead_killed":55,"minecraft:fall_one_cm":34706},"minecraft:dropped":{"minecraft:nether_brick_stairs":2,"minecraft:enchanted_book":2,"minecraft:iron_ingot":49,"minecraft:bread":15,"minecraft:wheat_seeds":8,"duneons:goldenspear":1,"minecraft:cooked_beef":6,"minecraft:oak_log":7,"duneons:corruptedbeaconspookyte":1,"minecraft:glass_bottle":5,"vampirism:vampire_book":1,"minecraft:diamond_leggings":2,"minecraft:granite":1,"minecraft:red_mushroom":2,"ars_nouveau:mana_gem":1,"duneons:swampdirt":8,"minecraft:iron_leggings":1,"minecraft:sugar":1,"minecraft:iron_shovel":1,"ars_nouveau:wilden_wing":4,"duneons:swampfern":6,"minecraft:bone":3,"duneons:elytepowerbow":1,"minecraft:wheat":8,"tombstone:gift":2,"minecraft:iron_boots":1,"minecraft:rotten_flesh":28,"minecraft:clay_ball":4,"minecraft:oak_planks":10,"vampirism:blood_bottle":2,"minecraft:nether_bricks":6,"minecraft:oak_sign":1,"duneons:vangardpotion":1,"minecraft:poppy":2,"minecraft:hay_block":3,"minecraft:tipped_arrow":1,"minecraft:allium":13,"duneons:minerarmor_chestplate":1,"minecraft:spruce_planks":1,"minecraft:iron_chestplate":1,"minecraft:andesite":2,"minecraft:leather_leggings":1,"minecraft:spider_eye":4,"minecraft:iron_bars":5,"minecraft:arrow":2,"minecraft:bow":1,"minecraft:wooden_pickaxe":1,"duneons:t_reedplanes":2},"minecraft:mined":{"minecraft:diamond_ore":7,"farmersdelight:onions":1,"minecraft:white_bed":1,"iceandfire:silver_ore":10,"minecraft:dark_oak_leaves":1,"minecraft:obsidian":18,"minecraft:granite":1,"duneons:swampfern":5,"minecraft:grass_block":1,"iceandfire:lectern":1,"minecraft:coal_block":25,"minecraft:spawner":16,"minecraft:hay_block":18,"farmersdelight:wild_onions":6,"minecraft:furnace":2,"minecraft:carrots":1,"minecraft:iron_ore":194,"minecraft:fire":1,"minecraft:andesite":2,"minecraft:fletching_table":1,"minecraft:peony":1,"minecraft:bookshelf":1,"minecraft:potatoes":1,"duneons:urn_loot_big_red":1,"minecraft:stone":101,"minecraft:white_wool":1,"duneons:statue":1,"duneons:latticebriker":1,"duneons:redmushroom":1,"minecraft:clay":1,"minecraft:crafting_table":3,"minecraft:torch":8,"minecraft:poppy":2,"minecraft:tall_grass":1,"duneons:ferncreeperwoods":1,"minecraft:cobblestone":6,"minecraft:lapis_ore":4,"minecraft:wall_torch":9,"minecraft:wheat":27,"duneons:stonetablemaping":1,"vampirism:med_chair":1,"minecraft:stone_brick_stairs":1,"duneons:creeperwoodstallgrass":1,"minecraft:grass":3,"minecraft:oak_log":55,"minecraft:coal_ore":203,"iceandfire:silver_pile":6,"minecraft:sand":32,"minecraft:dirt":1,"minecraft:stone_bricks":1,"duneons:mushroomcreeperwoods":1,"minecraft:gold_ore":38,"minecraft:oak_leaves":10,"duneons:t_reedplanes":2},"minecraft:picked_up":{"minecraft:crafting_table":3,"minecraft:wheat":27,"minecraft:allium":15,"minecraft:flower_pot":1,"minecraft:clay_ball":4,"minecraft:wooden_pickaxe":1,"minecraft:potion":1,"minecraft:enchanted_book":1,"minecraft:stone_brick_stairs":1,"minecraft:string":4,"minecraft:iron_shovel":2,"ars_nouveau:mana_gem":1,"minecraft:oak_sign":1,"minecraft:cracked_stone_bricks":2,"minecraft:diamond_leggings":3,"minecraft:spruce_planks":2,"minecraft:bucket":1,"minecraft:beef":6,"duneons:elytepowerbow":1,"minecraft:poppy":4,"minecraft:coal_block":25,"minecraft:tipped_arrow":1,"minecraft:furnace":2,"minecraft:golden_helmet":1,"minecraft:stick":7,"minecraft:torch":26,"minecraft:spruce_stairs":2,"duneons:stonetablemaping":1,"iceandfire:silver_ore":12,"minecraft:porkchop":27,"tombstone:grave_dust":4,"vampirism:vampire_fang":2,"minecraft:carrot":3,"minecraft:redstone":1,"vampirism:blood_bottle":1,"minecraft:arrow":11,"minecraft:rotten_flesh":45,"minecraft:nether_bricks":6,"minecraft:peony":1,"farmersdelight:onion":10,"ars_nouveau:worn_notebook":1,"minecraft:diamond_boots":1,"minecraft:hay_block":18,"artifacts:running_shoes":1,"minecraft:iron_bars":7,"minecraft:obsidian":18,"minecraft:mutton":8,"duneons:statue":1,"minecraft:white_wool":4,"minecraft:cobblestone":116,"vampirism:vampire_book":1,"vampirism:vampire_blood_bottle":1,"vampirism:med_chair":1,"minecraft:andesite":3,"minecraft:salmon":4,"minecraft:leather":8,"minecraft:golden_leggings":1,"minecraft:red_mushroom":2,"minecraft:potato":7,"duneons:swampdirt":8,"ars_nouveau:wilden_wing":2,"minecraft:oak_log":82,"minecraft:nether_wart_block":1,"minecraft:lapis_lazuli":27,"minecraft:gunpowder":2,"minecraft:dirt":2,"tombstone:gift":2,"minecraft:leather_boots":1,"minecraft:cooked_mutton":2,"minecraft:bone":17,"minecraft:apple":1,"minecraft:stone_bricks":1,"minecraft:bow":2,"minecraft:orange_tulip":1,"minecraft:wheat_seeds":68,"vampirism:item_garlic":4,"minecraft:iron_ingot":5,"minecraft:cooked_chicken":1,"minecraft:iron_ore":194,"minecraft:mossy_stone_bricks":1,"duneons:swampfern":6,"minecraft:fletching_table":1,"minecraft:glass_bottle":2,"minecraft:oak_planks":10,"duneons:mushroomcreeperwoods":1,"minecraft:book":3,"minecraft:cooked_porkchop":1,"minecraft:sand":32,"minecraft:nether_brick_stairs":2,"duneons:latticebriker":1,"minecraft:white_bed":1,"minecraft:gold_ore":37,"minecraft:mossy_cobblestone":3,"minecraft:spider_eye":5,"duneons:wood_stronghold":1,"minecraft:sugar":1,"minecraft:diamond":7,"iceandfire:lectern":1,"minecraft:granite":1,"minecraft:bread":8,"minecraft:emerald":2,"tombstone:magic_scroll":4,"minecraft:oak_sapling":2,"iceandfire:silver_nugget":20,"minecraft:coal":271,"duneons:t_reedplanes":2},"minecraft:killed":{"vampirism:vampire":6,"minecraft:witch":5,"vampirism:advanced_vampire":2,"minecraft:spider":8,"duneons:wraith":1,"minecraft:skeleton":15,"duneons:pigchest":2,"minecraft:llama":4,"ars_nouveau:summon_wolf":3,"artifacts:mimic":1,"minecraft:husk":4,"minecraft:pig":10,"minecraft:salmon":5,"minecraft:creeper":3,"minecraft:sheep":3,"minecraft:zombie":31,"ars_nouveau:wilden_stalker":5,"minecraft:stray":4,"ars_nouveau:wilden_hunter":2,"minecraft:cow":4},"minecraft:used":{"tombstone:scroll_of_unstable_intangibility":1,"minecraft:peony":1,"minecraft:iron_bars":1,"iceandfire:silver_sword":189,"minecraft:spruce_planks":1,"minecraft:chest":2,"minecraft:shield":2,"tombstone:scroll_of_purification":1,"minecraft:cooked_chicken":1,"minecraft:rotten_flesh":4,"minecraft:torch":159,"tombstone:scroll_of_preservation":1,"minecraft:dirt":2,"minecraft:mutton":3,"minecraft:spruce_stairs":2,"minecraft:carrot":21,"minecraft:allium":2,"duneons:wood_stronghold":1,"minecraft:wooden_axe":45,"minecraft:lava_bucket":5,"duneons:mushroomcreeperwoods":1,"carryon:entity_item":1,"duneons:chainmace":53,"minecraft:stone_brick_stairs":1,"minecraft:stone_bricks":1,"minecraft:oak_sapling":2,"minecraft:furnace":3,"tombstone:gift":5,"minecraft:cooked_beef":2,"minecraft:potato":8,"minecraft:wheat_seeds":27,"minecraft:cooked_mutton":5,"minecraft:water_bucket":10,"minecraft:baked_potato":4,"minecraft:stone_pickaxe":131,"duneons:latticebriker":1,"minecraft:wooden_pickaxe":48,"minecraft:white_wool":1,"minecraft:salmon":4,"farmersdelight:onion":6,"minecraft:crafting_table":7,"vampirism:hunter_table":1,"minecraft:white_bed":1,"iceandfire:silver_pickaxe":439,"minecraft:diamond_pickaxe":21,"minecraft:apple":5,"minecraft:bread":52,"tombstone:magic_scroll":1,"tombstone:grave_key":1,"minecraft:nether_wart_block":1,"minecraft:stone_axe":55,"vampirism:garlic_bread":2,"minecraft:potion":3,"travelersbackpack:standard":20,"duneons:vangardsword":100,"minecraft:cobblestone":82,"minecraft:porkchop":15,"minecraft:cooked_porkchop":13,"minecraft:andesite":1,"minecraft:smithing_table":1,"minecraft:bucket":17,"vampirism:med_chair":1,"minecraft:splash_potion":1,"minecraft:bone_meal":48},"minecraft:broken":{"minecraft:stone_pickaxe":1,"duneons:chainmace":1,"minecraft:wooden_axe":1},"minecraft:crafted":{"minecraft:oak_planks":88,"vampirism:injection_garlic":1,"vampirism:garlic_bread":2,"minecraft:furnace":2,"minecraft:bone_meal":48,"minecraft:cooked_mutton":3,"minecraft:glass_pane":16,"vampirism:injection_empty":1,"vampirism:hunter_table":1,"minecraft:glass":32,"minecraft:iron_boots":1,"minecraft:stone_pickaxe":1,"minecraft:chest":3,"minecraft:wheat":135,"minecraft:cooked_beef":6,"minecraft:red_dye":2,"iceandfire:silver_ingot":14,"minecraft:cooked_porkchop":12,"minecraft:crafting_table":4,"travelersbackpack:backpack_tank":4,"minecraft:iron_helmet":1,"minecraft:wooden_pickaxe":1,"travelersbackpack:standard":1,"minecraft:smithing_table":1,"minecraft:red_wool":2,"minecraft:stone_axe":1,"minecraft:bread":54,"minecraft:air":0,"travelersbackpack:red_sleeping_bag":1,"minecraft:iron_chestplate":1,"minecraft:diamond_pickaxe":1,"minecraft:stick":48,"minecraft:iron_ingot":263,"minecraft:wooden_axe":1,"minecraft:iron_leggings":1,"minecraft:gold_ingot":40,"minecraft:torch":132,"iceandfire:silver_pickaxe":1,"iceandfire:silver_sword":1}},"DataVersion":2586}