{"stats":{"minecraft:custom":{"minecraft:time_since_rest":5657,"minecraft:interact_with_furnace":4,"minecraft:sprint_one_cm":23444,"minecraft:damage_taken":250,"minecraft:walk_one_cm":37965,"minecraft:mob_kills":2,"minecraft:damage_dealt":85,"minecraft:swim_one_cm":3739,"minecraft:interact_with_crafting_table":12,"minecraft:fly_one_cm":19585,"minecraft:open_chest":1,"minecraft:play_one_minute":20190,"minecraft:crouch_one_cm":45,"minecraft:deaths":1,"minecraft:sneak_time":268,"minecraft:walk_under_water_one_cm":287,"minecraft:jump":289,"minecraft:walk_on_water_one_cm":446,"minecraft:time_since_death":6533,"minecraft:climb_one_cm":573,"minecraft:fall_one_cm":2603,"minecraft:inspect_dispenser":2},"minecraft:used":{"minecraft:iron_axe":42,"minecraft:stone_pickaxe":36,"minecraft:iron_pickaxe":81,"minecraft:wooden_pickaxe":7,"minecraft:torch":1,"minecraft:dirt":2,"minecraft:crafting_table":3,"minecraft:furnace":2,"minecraft:granite":3},"minecraft:crafted":{"minecraft:oak_planks":20,"minecraft:iron_axe":1,"minecraft:crafting_table":2,"minecraft:stick":12,"minecraft:wooden_pickaxe":1,"minecraft:iron_ingot":3,"minecraft:iron_pickaxe":1,"minecraft:stone_pickaxe":1,"minecraft:furnace":2,"minecraft:torch":4,"minecraft:air":0},"minecraft:killed":{"minecraft:chicken":1,"ars_nouveau:sylph":1},"minecraft:picked_up":{"minecraft:crafting_table":2,"minecraft:feather":2,"minecraft:chicken":1,"minecraft:pumpkin":4,"minecraft:andesite":21,"minecraft:oak_log":21,"minecraft:diorite":5,"minecraft:red_bed":1,"minecraft:dirt":11,"minecraft:beetroot":2,"minecraft:beetroot_seeds":7,"ars_nouveau:worn_notebook":1,"minecraft:iron_ingot":3,"minecraft:granite":3,"minecraft:iron_ore":27,"duneons:swampfern":11,"minecraft:oak_planks":1,"minecraft:coal":18,"minecraft:cobblestone":39,"minecraft:furnace":1},"minecraft:killed_by":{"minecraft:skeleton":1},"minecraft:mined":{"minecraft:furnace":1,"minecraft:red_bed":1,"minecraft:iron_ore":27,"minecraft:andesite":21,"minecraft:pumpkin":4,"minecraft:crafting_table":2,"minecraft:granite":3,"minecraft:grass":1,"duneons:swampfern":14,"minecraft:grass_block":2,"minecraft:oak_log":22,"minecraft:coal_ore":18,"minecraft:beetroots":2,"minecraft:dirt":9,"minecraft:stone":40,"minecraft:diorite":5,"minecraft:oak_leaves":1}},"DataVersion":2586}