{"stats":{"minecraft:custom":{"minecraft:time_since_rest":8190,"minecraft:play_one_minute":8190,"minecraft:damage_taken":180,"minecraft:interact_with_furnace":1,"minecraft:sprint_one_cm":1048,"minecraft:walk_one_cm":8363,"minecraft:sneak_time":23,"minecraft:jump":63,"minecraft:time_since_death":8190,"minecraft:fly_one_cm":512,"minecraft:interact_with_crafting_table":4,"minecraft:fall_one_cm":805},"minecraft:used":{"minecraft:dirt":2,"minecraft:crafting_table":1,"minecraft:furnace":1,"minecraft:stone_pickaxe":11,"minecraft:wooden_pickaxe":5},"minecraft:crafted":{"minecraft:furnace":1,"minecraft:oak_planks":16,"minecraft:crafting_table":2,"minecraft:stick":4,"minecraft:wooden_pickaxe":1,"minecraft:stone_pickaxe":1},"minecraft:picked_up":{"ars_nouveau:worn_notebook":1,"minecraft:granite":1,"minecraft:oak_log":4,"minecraft:diorite":1,"minecraft:oak_planks":1,"minecraft:dirt":2,"minecraft:cobblestone":13},"minecraft:mined":{"minecraft:granite":1,"minecraft:oak_log":5,"minecraft:dirt":2,"minecraft:stone":14,"minecraft:diorite":1}},"DataVersion":2586}