{"stats":{"minecraft:killed_by":{"minecraft:player":1,"minecraft:skeleton":2,"vampirism:vampire":1},"minecraft:custom":{"minecraft:mob_kills":48,"minecraft:interact_with_crafting_table":9,"minecraft:time_since_death":38416,"minecraft:climb_one_cm":1794,"minecraft:sprint_one_cm":200321,"minecraft:walk_one_cm":265522,"minecraft:drop":39,"minecraft:deaths":4,"minecraft:sneak_time":257,"minecraft:walk_under_water_one_cm":2814,"minecraft:jump":1818,"minecraft:walk_on_water_one_cm":11202,"minecraft:interact_with_furnace":17,"tombstone:raider_killed":1,"minecraft:play_one_minute":88427,"minecraft:sleep_in_bed":5,"minecraft:time_since_rest":5833,"minecraft:damage_taken":2560,"minecraft:damage_dealt":7062,"minecraft:player_kills":1,"minecraft:swim_one_cm":263,"minecraft:fly_one_cm":257538,"minecraft:open_chest":18,"minecraft:crouch_one_cm":1034,"tombstone:undead_killed":10,"minecraft:fall_one_cm":28230,"minecraft:inspect_dispenser":2},"minecraft:dropped":{"vampirism:item_garlic":4,"minecraft:enchanted_book":2,"minecraft:oak_fence":6,"minecraft:cobblestone":64,"minecraft:book":1,"minecraft:stick":2,"minecraft:dirt":1,"minecraft:dark_oak_log":1,"tombstone:grave_dust":5,"minecraft:oak_stairs":6,"duneons:wood_stronghold":1,"minecraft:dark_oak_planks":4,"minecraft:bone":3,"minecraft:cooked_chicken":1,"tombstone:gift":1,"vampirism:holy_water_bottle_enhanced":1,"minecraft:cooked_mutton":2,"minecraft:oak_sapling":4,"iceandfire:lectern":1,"minecraft:spider_eye":5,"minecraft:stone_bricks":1,"minecraft:wooden_pickaxe":1,"waystones:waystone":1},"minecraft:mined":{"minecraft:dark_oak_planks":2,"duneons:swampdirt":11,"minecraft:diamond_ore":10,"minecraft:spruce_planks":3,"minecraft:white_bed":5,"iceandfire:silver_ore":2,"minecraft:dark_oak_log":1,"create:natural_scoria":4,"minecraft:granite":3,"minecraft:spruce_fence":1,"minecraft:grass_block":6,"iceandfire:lectern":1,"vampirism:hunter_table":1,"minecraft:polished_blackstone_pressure_plate":5,"minecraft:spawner":8,"minecraft:hay_block":15,"minecraft:furnace":2,"duneons:swampcobblestonemossy":1,"minecraft:iron_ore":72,"minecraft:andesite":12,"minecraft:dark_oak_stairs":2,"duneons:swamplog":2,"minecraft:vine":1,"minecraft:oak_stairs":3,"minecraft:stone":266,"duneons:swampgrassside":3,"minecraft:twisting_vines_plant":1,"minecraft:crafting_table":4,"minecraft:oak_fence":3,"minecraft:clay":1,"minecraft:torch":2,"minecraft:chest":1,"minecraft:dead_bush":1,"minecraft:mushroom_stem":2,"minecraft:cobblestone":5,"minecraft:lapis_ore":1,"minecraft:sugar_cane":4,"minecraft:diorite":12,"minecraft:wall_torch":2,"duneons:wood_stronghold":9,"minecraft:stone_brick_stairs":1,"minecraft:coal_ore":17,"minecraft:oak_log":9,"minecraft:gravel":3,"minecraft:dirt":4,"minecraft:stone_bricks":4,"ars_nouveau:arcane_ore":1,"minecraft:gold_ore":6,"minecraft:oak_leaves":1},"minecraft:picked_up":{"minecraft:crafting_table":3,"minecraft:chicken":4,"duneons:swamplog":1,"minecraft:oak_stairs":9,"minecraft:enchanted_book":1,"minecraft:stone_brick_stairs":1,"minecraft:spruce_planks":2,"minecraft:beef":8,"minecraft:sugar_cane":12,"minecraft:furnace":2,"minecraft:stick":8,"minecraft:oak_fence":6,"minecraft:torch":38,"minecraft:porkchop":24,"tombstone:grave_dust":5,"minecraft:diorite":4,"minecraft:dark_oak_planks":6,"vampirism:hunter_table":1,"minecraft:arrow":2,"ars_nouveau:worn_notebook":1,"minecraft:hay_block":15,"minecraft:mutton":9,"minecraft:cobblestone":195,"minecraft:white_wool":4,"minecraft:feather":4,"minecraft:leather":3,"minecraft:oak_log":13,"minecraft:lapis_lazuli":7,"minecraft:dirt":4,"minecraft:bone":3,"minecraft:apple":1,"minecraft:stone_bricks":1,"minecraft:iron_ore":72,"minecraft:oak_planks":4,"minecraft:dark_oak_stairs":2,"minecraft:book":1,"minecraft:gravel":3,"minecraft:white_bed":6,"minecraft:gold_ore":6,"minecraft:dark_oak_log":2,"minecraft:spider_eye":5,"duneons:wood_stronghold":1,"minecraft:diamond":9,"minecraft:polished_blackstone_pressure_plate":5,"iceandfire:lectern":1,"waystones:waystone":2,"minecraft:oak_sapling":4,"minecraft:coal":18},"minecraft:killed":{"vampirism:vampire":1,"minecraft:witch":1,"minecraft:spider":2,"minecraft:skeleton":7,"minecraft:chicken":4,"minecraft:llama":2,"shroom_dealers:toadstool_dealer":1,"minecraft:pig":12,"minecraft:sheep":7,"minecraft:zombie":3,"ars_nouveau:wilden_stalker":1,"minecraft:cow":4},"minecraft:used":{"minecraft:iron_shovel":20,"minecraft:spruce_planks":2,"minecraft:cooked_chicken":3,"minecraft:torch":27,"minecraft:dirt":3,"minecraft:dark_oak_planks":2,"minecraft:iron_axe":84,"minecraft:oak_stairs":3,"minecraft:stone_brick_stairs":1,"minecraft:furnace":2,"tombstone:gift":2,"minecraft:cooked_mutton":1,"minecraft:dark_oak_stairs":2,"minecraft:diorite":4,"minecraft:stone_pickaxe":73,"minecraft:oak_planks":12,"minecraft:wooden_pickaxe":6,"minecraft:white_wool":1,"minecraft:crafting_table":7,"minecraft:white_bed":7,"minecraft:bread":26,"minecraft:iron_pickaxe":394,"tombstone:magic_scroll":1,"minecraft:stone_axe":76,"minecraft:cobblestone":70,"minecraft:cooked_porkchop":4},"minecraft:broken":{"minecraft:stone_axe":1,"minecraft:iron_pickaxe":1},"minecraft:crafted":{"minecraft:oak_planks":52,"minecraft:cooked_chicken":4,"minecraft:furnace":1,"minecraft:cooked_mutton":3,"minecraft:iron_axe":1,"minecraft:stone_pickaxe":1,"minecraft:wheat":135,"minecraft:cooked_porkchop":4,"minecraft:crafting_table":4,"minecraft:wooden_pickaxe":1,"minecraft:stone_axe":1,"minecraft:bread":45,"minecraft:air":0,"minecraft:stick":16,"minecraft:iron_pickaxe":2,"minecraft:iron_shovel":1,"minecraft:white_bed":1,"minecraft:torch":24}},"DataVersion":2586}