{"stats":{"minecraft:custom":{"minecraft:interact_with_crafting_table":35,"minecraft:leave_game":2,"minecraft:time_since_death":8920,"minecraft:sprint_one_cm":534785,"minecraft:drop":86,"minecraft:talked_to_villager":1,"minecraft:deaths":45,"minecraft:jump":4417,"minecraft:walk_on_water_one_cm":20126,"minecraft:interact_with_furnace":23,"minecraft:play_one_minute":211084,"minecraft:sleep_in_bed":8,"minecraft:waystone_activated":3,"minecraft:damage_dealt":32426,"minecraft:player_kills":2,"minecraft:crouch_one_cm":1349,"tombstone:undead_killed":56,"minecraft:inspect_dispenser":2,"minecraft:interact_with_smithing_table":1,"minecraft:mob_kills":184,"minecraft:climb_one_cm":9549,"minecraft:walk_one_cm":688319,"minecraft:sneak_time":488,"minecraft:walk_under_water_one_cm":9927,"minecraft:boat_one_cm":19159,"tombstone:raider_killed":15,"minecraft:time_since_rest":8441,"minecraft:damage_taken":19212,"minecraft:swim_one_cm":17800,"minecraft:fly_one_cm":726178,"minecraft:open_chest":74,"minecraft:fall_one_cm":76304},"minecraft:used":{"minecraft:iron_shovel":78,"minecraft:chest":1,"travelersbackpack:iron":7,"minecraft:glass":18,"minecraft:stone_brick_stairs":1,"minecraft:hay_block":1,"minecraft:furnace":3,"minecraft:dark_oak_stairs":2,"minecraft:diorite":4,"minecraft:stone_pickaxe":94,"minecraft:oak_planks":12,"minecraft:wooden_pickaxe":6,"minecraft:white_wool":1,"duneons:strengthenironpickaxe":6,"minecraft:bread":77,"minecraft:oak_boat":1,"duneons:doubleaxe":53,"minecraft:iron_bars":1,"minecraft:spruce_planks":2,"minecraft:cooked_chicken":3,"minecraft:torch":94,"minecraft:dirt":5,"duneons:crumsoncoresword":101,"minecraft:dark_oak_planks":2,"minecraft:iron_axe":405,"minecraft:oak_stairs":3,"duneons:macefix":103,"securitycraft:sand_mine":3,"tombstone:gift":2,"minecraft:cooked_mutton":1,"duneons:cutlass":121,"minecraft:crafting_table":11,"minecraft:lime_bed":1,"minecraft:white_bed":7,"minecraft:diamond_pickaxe":105,"minecraft:diamond_shovel":1,"minecraft:iron_pickaxe":581,"tombstone:magic_scroll":3,"minecraft:stone_axe":76,"minecraft:cobblestone":114,"minecraft:cooked_porkchop":4},"minecraft:crafted":{"minecraft:oak_planks":108,"securitycraft:mine":3,"travelersbackpack:iron":2,"minecraft:cooked_chicken":4,"minecraft:cooked_mutton":3,"minecraft:glass":20,"minecraft:chest":2,"travelersbackpack:iron_tier_upgrade":1,"minecraft:cooked_porkchop":4,"securitycraft:sand_mine":3,"minecraft:crafting_table":7,"minecraft:wooden_pickaxe":1,"travelersbackpack:standard":1,"minecraft:red_wool":2,"travelersbackpack:red_sleeping_bag":1,"minecraft:stick":52,"minecraft:iron_pickaxe":3,"minecraft:furnace":2,"minecraft:iron_axe":3,"minecraft:stone_pickaxe":1,"minecraft:wheat":135,"minecraft:red_dye":2,"travelersbackpack:backpack_tank":2,"minecraft:stone_axe":1,"minecraft:bread":45,"minecraft:air":0,"minecraft:oak_boat":1,"minecraft:iron_shovel":2,"minecraft:white_bed":1,"minecraft:torch":76},"minecraft:picked_up":{"minecraft:oak_stairs":9,"minecraft:enchanted_book":1,"minecraft:stone_brick_stairs":5,"minecraft:string":1,"minecraft:iron_leggings":1,"duneons:dark_armor_helmet":1,"minecraft:spruce_planks":2,"duneons:lavabrickblock":3,"minecraft:iron_pickaxe":2,"minecraft:furnace":3,"minecraft:tipped_arrow":3,"minecraft:stick":8,"minecraft:oak_fence":6,"minecraft:torch":48,"minecraft:porkchop":28,"tombstone:grave_dust":7,"minecraft:diorite":4,"minecraft:vine":1,"duneons:dark_armor_chestplate":1,"travelersbackpack:iron":1,"duneons:luxurybanner":1,"vampirism:hunter_table":1,"duneons:glove":1,"minecraft:rotten_flesh":26,"ars_nouveau:worn_notebook":1,"minecraft:iron_bars":14,"minecraft:cobblestone":205,"minecraft:enchanting_table":1,"minecraft:leather_chestplate":1,"minecraft:feather":4,"minecraft:brown_wool":1,"minecraft:potato":5,"minecraft:lapis_lazuli":7,"minecraft:dirt":19,"tombstone:familiar_receptacle":1,"minecraft:twisting_vines":1,"minecraft:bone":22,"minecraft:glass":28,"duneons:vangardbanner":2,"travelersbackpack:backpack_tank":2,"duneons:giter":2,"minecraft:bow":1,"minecraft:wheat_seeds":2,"minecraft:mossy_stone_bricks":2,"minecraft:oak_planks":20,"duneons:goldgauntlet":1,"duneons:reddungeonsglass":4,"minecraft:sand":49,"minecraft:dark_oak_log":2,"minecraft:polished_andesite":50,"duneons:punkindoor":2,"minecraft:lever":1,"minecraft:diamond":9,"iceandfire:lectern":1,"minecraft:polished_blackstone_pressure_plate":5,"waystones:waystone":2,"minecraft:emerald":2,"minecraft:oak_sapling":4,"minecraft:crafting_table":5,"minecraft:chicken":4,"duneons:swamplog":1,"duneons:shield_johan":1,"duneons:goldchest":1,"minecraft:beef":45,"minecraft:poppy":2,"minecraft:sugar_cane":24,"minecraft:chest":1,"minecraft:redstone":8,"minecraft:dark_oak_planks":6,"minecraft:diamond_chestplate":1,"minecraft:arrow":27,"minecraft:hay_block":20,"minecraft:mutton":19,"minecraft:white_wool":26,"duneons:rainbowglass":1,"minecraft:lime_bed":1,"minecraft:leather":22,"ars_nouveau:wilden_wing":3,"minecraft:oak_log":27,"minecraft:golden_boots":1,"minecraft:apple":1,"minecraft:stone_bricks":14,"minecraft:iron_ingot":5,"minecraft:iron_ore":72,"travelersbackpack:blank_upgrade":1,"minecraft:dark_oak_stairs":2,"minecraft:book":1,"duneons:andesitebreked":7,"minecraft:gravel":3,"minecraft:white_bed":6,"minecraft:gold_ore":6,"duneons:maidhelemt_helmet":1,"minecraft:spider_eye":5,"minecraft:leather_helmet":1,"duneons:wood_stronghold":1,"duneons:vangardpotion":2,"minecraft:gray_wool":1,"tombstone:magic_scroll":2,"minecraft:coal":67,"minecraft:ender_pearl":2},"minecraft:killed":{"vampirism:vampire":1,"minecraft:cave_spider":1,"minecraft:witch":1,"minecraft:spider":6,"minecraft:skeleton":18,"minecraft:chicken":4,"minecraft:silverfish":11,"shroom_dealers:toadstool_dealer":1,"minecraft:pig":14,"minecraft:zombie_villager":1,"minecraft:sheep":13,"minecraft:pillager":12,"minecraft:zombie":21,"minecraft:stray":13,"minecraft:cow":22,"duneons:zombievangruard":1,"minecraft:vindicator":2,"minecraft:horse":1,"minecraft:llama":2,"ars_nouveau:summon_wolf":4,"ars_nouveau:wilden_guardian":3,"duneons:vindicatorroyaleblue":6,"ars_nouveau:wilden_stalker":8,"ars_nouveau:wilden_hunter":3,"minecraft:wither_skeleton":2,"minecraft:enderman":2},"minecraft:broken":{"duneons:minerarmor_chestplate":1,"minecraft:golden_boots":1,"duneons:crumsoncoresword":1,"minecraft:leather_leggings":1,"vampirism:armor_of_swiftness_head_ultimate":1,"minecraft:iron_leggings":1,"minecraft:stone_pickaxe":1,"minecraft:stone_axe":1,"minecraft:leather_helmet":1,"minecraft:diamond_chestplate":1,"minecraft:chainmail_helmet":1,"minecraft:leather_chestplate":1,"duneons:doubleaxe":1,"minecraft:iron_axe":2,"minecraft:iron_pickaxe":2,"vampirism:armor_of_swiftness_feet_ultimate":1,"duneons:macefix":2,"duneons:ghostkindlerblack_helmet":2,"duneons:cutlass":1},"minecraft:killed_by":{"minecraft:wither_skeleton":1,"minecraft:creeper":1,"duneons:leaper":4,"ars_nouveau:wilden_hunter":2,"minecraft:zombie":1,"duneons:wishperer":16,"duneons:wraith":1,"vampirism:vampire":2,"minecraft:player":4,"minecraft:stray":1,"minecraft:enderman":1,"minecraft:iron_golem":1,"duneons:zombievangruard":3,"minecraft:skeleton":6},"minecraft:mined":{"minecraft:dark_oak_planks":2,"duneons:swampdirt":11,"duneons:luxurybanner":1,"minecraft:spruce_planks":4,"minecraft:white_bed":5,"duneons:darkstonebricks":4,"minecraft:granite":3,"minecraft:grass_block":18,"iceandfire:lectern":1,"duneons:bamboobiggrass":2,"vampirism:hunter_table":1,"minecraft:polished_blackstone_pressure_plate":5,"minecraft:red_stained_glass_pane":3,"minecraft:chiseled_stone_bricks":3,"minecraft:spawner":21,"duneons:reddungeonsglass":5,"minecraft:sticky_piston":1,"minecraft:iron_ore":72,"minecraft:fire":1,"minecraft:dark_oak_stairs":2,"minecraft:enchanting_table":1,"minecraft:twisting_vines":1,"minecraft:oak_stairs":3,"minecraft:iron_bars":16,"duneons:swampgrassside":3,"minecraft:twisting_vines_plant":2,"minecraft:clay":1,"minecraft:torch":7,"minecraft:poppy":2,"minecraft:chest":2,"minecraft:dead_bush":1,"minecraft:mushroom_stem":2,"minecraft:cobblestone":10,"minecraft:sugar_cane":4,"minecraft:iron_door":1,"minecraft:wall_torch":5,"duneons:goldchest":1,"duneons:wood_stronghold":9,"minecraft:stone_brick_stairs":6,"minecraft:grass":13,"minecraft:infested_mossy_stone_bricks":1,"minecraft:oak_log":23,"minecraft:sand":48,"minecraft:dirt":12,"minecraft:oak_leaves":3,"minecraft:diamond_ore":10,"iceandfire:silver_ore":2,"minecraft:mossy_cobblestone":1,"minecraft:dark_oak_log":1,"create:natural_scoria":4,"duneons:giantgoldencandle":1,"minecraft:spruce_fence":1,"minecraft:redstone_wire":4,"minecraft:hay_block":20,"duneons:bambootall":3,"minecraft:furnace":3,"duneons:swampcobblestonemossy":1,"minecraft:andesite":12,"minecraft:mossy_stone_brick_stairs":1,"duneons:swamplog":2,"minecraft:vine":3,"duneons:vangardbanner":2,"minecraft:stone":272,"duneons:andesitebreked":8,"minecraft:glass_pane":2,"minecraft:dandelion":2,"minecraft:oak_fence":3,"minecraft:crafting_table":6,"minecraft:tall_grass":3,"minecraft:lapis_ore":1,"minecraft:diorite":12,"duneons:dungeonglass":1,"minecraft:lime_bed":1,"duneons:dirtbricker":1,"minecraft:birch_leaves":2,"minecraft:coal_ore":57,"minecraft:gravel":4,"minecraft:stone_bricks":32,"ars_nouveau:arcane_ore":1,"minecraft:polished_andesite":51,"minecraft:mossy_stone_bricks":2,"minecraft:gold_ore":6,"duneons:lavabrickblock":3},"minecraft:dropped":{"duneons:corruptedbeaconspookyte":1,"minecraft:dirt":6,"minecraft:dark_oak_log":1,"duneons:wood_stronghold":1,"minecraft:sand":1,"minecraft:iron_pickaxe":1,"duneons:andesitebreked":7,"duneons:reddungeonsglass":2,"minecraft:dark_oak_planks":4,"travelersbackpack:backpack_tank":2,"minecraft:bone":23,"minecraft:sugar_cane":12,"minecraft:cooked_chicken":1,"vampirism:holy_water_bottle_normal":2,"tombstone:gift":2,"vampirism:holy_water_bottle_enhanced":1,"duneons:maidhelemt_helmet":1,"minecraft:rotten_flesh":27,"minecraft:oak_planks":14,"minecraft:cooked_mutton":2,"travelersbackpack:iron":1,"minecraft:iron_ore":8,"minecraft:iron_bars":13,"minecraft:arrow":28,"minecraft:glass":8,"minecraft:stone_brick_stairs":4,"vampirism:item_garlic":4,"minecraft:enchanted_book":2,"minecraft:oak_fence":6,"minecraft:iron_helmet":1,"minecraft:cobblestone":69,"minecraft:book":1,"minecraft:polished_andesite":50,"minecraft:stick":19,"duneons:giter":2,"minecraft:gray_wool":1,"minecraft:brown_wool":1,"minecraft:iron_door":1,"travelersbackpack:blank_upgrade":1,"tombstone:grave_dust":7,"minecraft:oak_stairs":6,"ars_nouveau:wilden_wing":3,"minecraft:redstone":8,"minecraft:spruce_planks":6,"minecraft:mossy_stone_bricks":2,"minecraft:oak_sapling":4,"iceandfire:lectern":1,"minecraft:stone_bricks":1,"minecraft:spider_eye":5,"minecraft:wooden_pickaxe":1,"waystones:waystone":1,"duneons:punkindoor":2,"duneons:lavabrickblock":3}},"DataVersion":2586}