{"stats":{"minecraft:killed_by":{"minecraft:player":2,"minecraft:wither_skeleton":1,"minecraft:creeper":1,"minecraft:iron_golem":1,"duneons:zombievangruard":3,"ars_nouveau:wilden_hunter":2,"minecraft:skeleton":4,"minecraft:zombie":1,"duneons:wraith":1,"vampirism:vampire":1},"minecraft:custom":{"minecraft:mob_kills":125,"minecraft:interact_with_crafting_table":28,"minecraft:time_since_death":1066,"minecraft:climb_one_cm":5970,"minecraft:sprint_one_cm":357047,"minecraft:walk_one_cm":519053,"minecraft:drop":61,"minecraft:talked_to_villager":1,"minecraft:deaths":17,"minecraft:sneak_time":369,"minecraft:walk_under_water_one_cm":7366,"minecraft:jump":3082,"minecraft:walk_on_water_one_cm":18291,"minecraft:interact_with_furnace":23,"tombstone:raider_killed":14,"minecraft:play_one_minute":160427,"minecraft:sleep_in_bed":7,"minecraft:time_since_rest":785,"minecraft:waystone_activated":1,"minecraft:damage_taken":10198,"minecraft:damage_dealt":22443,"minecraft:player_kills":1,"minecraft:swim_one_cm":8806,"minecraft:fly_one_cm":449392,"minecraft:open_chest":55,"minecraft:crouch_one_cm":1083,"tombstone:undead_killed":42,"minecraft:fall_one_cm":49357,"minecraft:inspect_dispenser":2},"minecraft:dropped":{"vampirism:item_garlic":4,"minecraft:enchanted_book":2,"duneons:corruptedbeaconspookyte":1,"minecraft:oak_fence":6,"minecraft:cobblestone":65,"minecraft:book":1,"minecraft:stick":10,"duneons:giter":2,"minecraft:dirt":1,"minecraft:dark_oak_log":1,"minecraft:iron_door":1,"tombstone:grave_dust":5,"minecraft:oak_stairs":6,"duneons:wood_stronghold":1,"minecraft:sand":1,"minecraft:iron_pickaxe":1,"travelersbackpack:backpack_tank":2,"minecraft:dark_oak_planks":4,"minecraft:bone":3,"minecraft:cooked_chicken":1,"vampirism:holy_water_bottle_normal":2,"tombstone:gift":1,"vampirism:holy_water_bottle_enhanced":1,"duneons:maidhelemt_helmet":1,"minecraft:rotten_flesh":2,"minecraft:oak_planks":14,"minecraft:cooked_mutton":2,"minecraft:oak_sapling":4,"iceandfire:lectern":1,"minecraft:spider_eye":5,"minecraft:stone_bricks":1,"minecraft:iron_bars":11,"minecraft:glass":8,"minecraft:iron_ore":8,"minecraft:wooden_pickaxe":1,"waystones:waystone":1,"minecraft:stone_brick_stairs":3,"duneons:punkindoor":2},"minecraft:mined":{"minecraft:dark_oak_planks":2,"duneons:swampdirt":11,"minecraft:diamond_ore":10,"minecraft:spruce_planks":3,"minecraft:white_bed":5,"duneons:darkstonebricks":4,"iceandfire:silver_ore":2,"minecraft:dark_oak_log":1,"duneons:giantgoldencandle":1,"create:natural_scoria":4,"minecraft:granite":3,"minecraft:spruce_fence":1,"minecraft:grass_block":10,"iceandfire:lectern":1,"vampirism:hunter_table":1,"minecraft:polished_blackstone_pressure_plate":5,"minecraft:red_stained_glass_pane":3,"minecraft:chiseled_stone_bricks":3,"minecraft:spawner":17,"duneons:reddungeonsglass":5,"minecraft:hay_block":20,"minecraft:furnace":3,"duneons:swampcobblestonemossy":1,"minecraft:iron_ore":72,"minecraft:andesite":12,"minecraft:enchanting_table":1,"minecraft:dark_oak_stairs":2,"minecraft:twisting_vines":1,"duneons:swamplog":2,"minecraft:vine":2,"minecraft:iron_bars":14,"minecraft:oak_stairs":3,"duneons:vangardbanner":2,"minecraft:stone":267,"duneons:swampgrassside":3,"minecraft:glass_pane":1,"minecraft:twisting_vines_plant":2,"minecraft:dandelion":2,"minecraft:crafting_table":5,"minecraft:oak_fence":3,"minecraft:clay":1,"minecraft:torch":6,"minecraft:poppy":2,"minecraft:chest":2,"minecraft:dead_bush":1,"minecraft:mushroom_stem":2,"minecraft:tall_grass":2,"minecraft:cobblestone":10,"minecraft:lapis_ore":1,"minecraft:sugar_cane":4,"minecraft:diorite":12,"minecraft:iron_door":1,"minecraft:wall_torch":4,"duneons:dungeonglass":1,"duneons:wood_stronghold":9,"minecraft:stone_brick_stairs":5,"minecraft:infested_mossy_stone_bricks":1,"minecraft:grass":9,"minecraft:coal_ore":57,"minecraft:oak_log":17,"minecraft:sand":48,"minecraft:gravel":4,"minecraft:dirt":6,"minecraft:stone_bricks":31,"ars_nouveau:arcane_ore":1,"minecraft:gold_ore":6,"minecraft:oak_leaves":1},"minecraft:picked_up":{"minecraft:crafting_table":4,"minecraft:chicken":4,"duneons:swamplog":1,"minecraft:oak_stairs":9,"minecraft:enchanted_book":1,"minecraft:stone_brick_stairs":4,"minecraft:string":1,"minecraft:iron_leggings":1,"minecraft:spruce_planks":2,"minecraft:beef":8,"minecraft:poppy":2,"minecraft:iron_pickaxe":2,"minecraft:sugar_cane":24,"minecraft:chest":1,"minecraft:furnace":3,"minecraft:tipped_arrow":3,"minecraft:stick":8,"minecraft:oak_fence":6,"minecraft:torch":44,"minecraft:porkchop":24,"tombstone:grave_dust":5,"minecraft:diorite":4,"minecraft:dark_oak_planks":6,"vampirism:hunter_table":1,"minecraft:rotten_flesh":15,"minecraft:arrow":21,"ars_nouveau:worn_notebook":1,"minecraft:hay_block":20,"minecraft:mutton":9,"minecraft:iron_bars":14,"minecraft:cobblestone":201,"minecraft:white_wool":22,"minecraft:enchanting_table":1,"minecraft:feather":4,"minecraft:leather":6,"ars_nouveau:wilden_wing":2,"minecraft:oak_log":21,"minecraft:golden_boots":1,"minecraft:lapis_lazuli":7,"minecraft:dirt":5,"minecraft:glass":28,"minecraft:twisting_vines":1,"travelersbackpack:backpack_tank":2,"duneons:vangardbanner":2,"minecraft:bone":22,"minecraft:apple":1,"minecraft:stone_bricks":11,"duneons:giter":2,"minecraft:bow":1,"minecraft:iron_ore":72,"minecraft:oak_planks":20,"minecraft:dark_oak_stairs":2,"minecraft:book":1,"duneons:reddungeonsglass":4,"minecraft:gravel":3,"minecraft:sand":49,"minecraft:white_bed":6,"duneons:maidhelemt_helmet":1,"minecraft:gold_ore":6,"minecraft:dark_oak_log":2,"minecraft:spider_eye":5,"minecraft:leather_helmet":1,"duneons:wood_stronghold":1,"duneons:punkindoor":2,"minecraft:diamond":9,"minecraft:polished_blackstone_pressure_plate":5,"iceandfire:lectern":1,"waystones:waystone":2,"duneons:vangardpotion":2,"minecraft:emerald":2,"tombstone:magic_scroll":1,"minecraft:oak_sapling":4,"minecraft:coal":67,"minecraft:ender_pearl":2},"minecraft:killed":{"duneons:zombievangruard":1,"vampirism:vampire":1,"minecraft:cave_spider":1,"minecraft:witch":1,"minecraft:vindicator":2,"minecraft:spider":5,"minecraft:skeleton":16,"minecraft:chicken":4,"minecraft:llama":2,"minecraft:silverfish":4,"ars_nouveau:summon_wolf":2,"shroom_dealers:toadstool_dealer":1,"minecraft:pig":12,"minecraft:zombie_villager":1,"ars_nouveau:wilden_guardian":3,"minecraft:sheep":7,"minecraft:pillager":11,"duneons:vindicatorroyaleblue":6,"minecraft:zombie":13,"ars_nouveau:wilden_stalker":5,"minecraft:stray":9,"ars_nouveau:wilden_hunter":1,"minecraft:wither_skeleton":2,"minecraft:enderman":2,"minecraft:cow":4},"minecraft:used":{"minecraft:iron_bars":1,"minecraft:iron_shovel":78,"minecraft:chest":1,"minecraft:spruce_planks":2,"minecraft:cooked_chicken":3,"minecraft:torch":68,"minecraft:dirt":3,"travelersbackpack:iron":3,"duneons:crumsoncoresword":101,"minecraft:dark_oak_planks":2,"minecraft:iron_axe":277,"minecraft:oak_stairs":3,"duneons:macefix":50,"minecraft:stone_brick_stairs":1,"minecraft:furnace":3,"tombstone:gift":2,"minecraft:cooked_mutton":1,"minecraft:dark_oak_stairs":2,"minecraft:diorite":4,"minecraft:stone_pickaxe":94,"minecraft:oak_planks":12,"minecraft:wooden_pickaxe":6,"duneons:cutlass":8,"minecraft:white_wool":1,"duneons:strengthenironpickaxe":6,"minecraft:crafting_table":9,"minecraft:white_bed":7,"minecraft:diamond_shovel":1,"minecraft:bread":62,"minecraft:iron_pickaxe":573,"tombstone:magic_scroll":1,"minecraft:stone_axe":76,"minecraft:cobblestone":114,"minecraft:cooked_porkchop":4,"duneons:doubleaxe":53},"minecraft:broken":{"minecraft:leather_helmet":1,"duneons:minerarmor_chestplate":1,"minecraft:golden_boots":1,"duneons:crumsoncoresword":1,"minecraft:leather_leggings":1,"vampirism:armor_of_swiftness_head_ultimate":1,"minecraft:iron_leggings":1,"minecraft:chainmail_helmet":1,"minecraft:stone_pickaxe":1,"duneons:doubleaxe":1,"minecraft:iron_axe":2,"minecraft:stone_axe":1,"minecraft:iron_pickaxe":2,"vampirism:armor_of_swiftness_feet_ultimate":1,"duneons:macefix":1,"duneons:ghostkindlerblack_helmet":1},"minecraft:crafted":{"minecraft:oak_planks":84,"travelersbackpack:iron":1,"minecraft:cooked_chicken":4,"minecraft:furnace":2,"minecraft:cooked_mutton":3,"minecraft:glass":20,"minecraft:iron_axe":2,"minecraft:stone_pickaxe":1,"minecraft:chest":2,"minecraft:wheat":135,"minecraft:red_dye":2,"minecraft:cooked_porkchop":4,"minecraft:crafting_table":6,"travelersbackpack:backpack_tank":2,"minecraft:wooden_pickaxe":1,"travelersbackpack:standard":1,"minecraft:red_wool":2,"minecraft:stone_axe":1,"minecraft:bread":45,"minecraft:air":0,"travelersbackpack:red_sleeping_bag":1,"minecraft:stick":32,"minecraft:iron_pickaxe":3,"minecraft:iron_shovel":2,"minecraft:white_bed":1,"minecraft:torch":40}},"DataVersion":2586}