{"stats":{"minecraft:killed_by":{"minecraft:player":1,"minecraft:skeleton":2,"vampirism:vampire":1},"minecraft:custom":{"minecraft:interact_with_furnace":17,"minecraft:mob_kills":34,"tombstone:raider_killed":1,"minecraft:interact_with_crafting_table":7,"minecraft:play_one_minute":52427,"minecraft:time_since_death":2416,"minecraft:sleep_in_bed":2,"minecraft:climb_one_cm":1380,"minecraft:time_since_rest":2250,"minecraft:sprint_one_cm":115924,"minecraft:damage_taken":2295,"minecraft:walk_one_cm":196104,"minecraft:drop":26,"minecraft:damage_dealt":5621,"minecraft:fly_one_cm":170662,"minecraft:player_kills":1,"minecraft:open_chest":14,"minecraft:crouch_one_cm":887,"tombstone:undead_killed":10,"minecraft:deaths":4,"minecraft:sneak_time":214,"minecraft:walk_under_water_one_cm":1528,"minecraft:jump":1209,"minecraft:walk_on_water_one_cm":4267,"minecraft:fall_one_cm":19416},"minecraft:dropped":{"vampirism:item_garlic":4,"minecraft:cooked_chicken":1,"vampirism:holy_water_bottle_enhanced":1,"minecraft:oak_fence":6,"minecraft:cooked_mutton":2,"minecraft:dirt":1,"minecraft:oak_sapling":4,"tombstone:grave_dust":2,"minecraft:oak_stairs":6,"duneons:wood_stronghold":1,"minecraft:spider_eye":5,"minecraft:wooden_pickaxe":1,"minecraft:bone":3},"minecraft:mined":{"minecraft:dark_oak_planks":2,"minecraft:diamond_ore":2,"minecraft:spruce_planks":2,"minecraft:white_bed":4,"iceandfire:silver_ore":2,"minecraft:dark_oak_log":1,"minecraft:clay":1,"create:natural_scoria":4,"minecraft:oak_fence":3,"minecraft:crafting_table":4,"minecraft:torch":1,"minecraft:granite":3,"minecraft:grass_block":2,"minecraft:chest":1,"minecraft:dead_bush":1,"iceandfire:lectern":1,"minecraft:cobblestone":5,"vampirism:hunter_table":1,"minecraft:diorite":12,"minecraft:wall_torch":1,"minecraft:spawner":5,"minecraft:hay_block":15,"minecraft:furnace":2,"minecraft:iron_ore":15,"duneons:wood_stronghold":1,"minecraft:andesite":12,"minecraft:stone_brick_stairs":1,"minecraft:dark_oak_stairs":2,"duneons:swamplog":1,"minecraft:oak_log":9,"minecraft:coal_ore":17,"minecraft:oak_stairs":3,"minecraft:gravel":3,"minecraft:dirt":2,"minecraft:stone_bricks":1,"minecraft:stone":100,"minecraft:oak_leaves":1},"minecraft:picked_up":{"minecraft:crafting_table":3,"minecraft:feather":4,"minecraft:chicken":4,"duneons:swamplog":1,"minecraft:leather":1,"minecraft:oak_stairs":9,"minecraft:stone_brick_stairs":1,"minecraft:oak_log":13,"minecraft:dirt":4,"minecraft:bone":3,"minecraft:apple":1,"minecraft:stone_bricks":1,"minecraft:spruce_planks":2,"minecraft:iron_ore":15,"minecraft:oak_planks":4,"minecraft:dark_oak_stairs":2,"minecraft:furnace":2,"minecraft:stick":8,"minecraft:oak_fence":6,"minecraft:torch":36,"minecraft:gravel":3,"minecraft:porkchop":11,"tombstone:grave_dust":5,"minecraft:diorite":4,"minecraft:white_bed":5,"duneons:wood_stronghold":1,"minecraft:dark_oak_log":1,"minecraft:spider_eye":5,"minecraft:dark_oak_planks":2,"vampirism:hunter_table":1,"minecraft:arrow":2,"minecraft:diamond":1,"waystones:waystone":1,"iceandfire:lectern":1,"ars_nouveau:worn_notebook":1,"minecraft:hay_block":15,"minecraft:oak_sapling":4,"minecraft:mutton":5,"minecraft:coal":18,"minecraft:white_wool":4,"minecraft:cobblestone":91},"minecraft:killed":{"vampirism:vampire":1,"minecraft:pig":6,"minecraft:witch":1,"minecraft:spider":2,"minecraft:sheep":4,"minecraft:skeleton":7,"minecraft:zombie":3,"ars_nouveau:wilden_stalker":1,"minecraft:chicken":4,"minecraft:llama":2},"minecraft:used":{"minecraft:cooked_mutton":1,"minecraft:dark_oak_stairs":2,"minecraft:diorite":4,"minecraft:stone_pickaxe":73,"minecraft:oak_planks":12,"minecraft:spruce_planks":2,"minecraft:wooden_pickaxe":6,"minecraft:cooked_chicken":3,"minecraft:white_wool":1,"minecraft:torch":15,"minecraft:dirt":3,"minecraft:crafting_table":5,"minecraft:white_bed":6,"minecraft:oak_stairs":3,"minecraft:iron_axe":51,"minecraft:bread":14,"minecraft:iron_pickaxe":136,"tombstone:magic_scroll":1,"minecraft:stone_brick_stairs":1,"minecraft:stone_axe":76,"minecraft:cobblestone":48,"minecraft:furnace":2,"minecraft:cooked_porkchop":4},"minecraft:broken":{"minecraft:stone_axe":1},"minecraft:crafted":{"minecraft:oak_planks":52,"minecraft:cooked_porkchop":4,"minecraft:crafting_table":2,"minecraft:wooden_pickaxe":1,"minecraft:cooked_chicken":4,"minecraft:furnace":1,"minecraft:stone_axe":1,"minecraft:bread":45,"minecraft:cooked_mutton":3,"minecraft:air":0,"minecraft:iron_axe":1,"minecraft:stick":8,"minecraft:iron_pickaxe":1,"minecraft:stone_pickaxe":1,"minecraft:white_bed":1,"minecraft:torch":24,"minecraft:wheat":135}},"DataVersion":2586}