{"stats":{"minecraft:custom":{"minecraft:mob_kills":167,"minecraft:interact_with_crafting_table":30,"minecraft:leave_game":1,"minecraft:time_since_death":6706,"minecraft:climb_one_cm":9240,"minecraft:sprint_one_cm":493413,"minecraft:walk_one_cm":650383,"minecraft:drop":79,"minecraft:talked_to_villager":1,"minecraft:sneak_time":472,"minecraft:deaths":42,"minecraft:walk_under_water_one_cm":7826,"minecraft:jump":4003,"minecraft:walk_on_water_one_cm":19718,"minecraft:interact_with_furnace":23,"tombstone:raider_killed":15,"minecraft:play_one_minute":193518,"minecraft:sleep_in_bed":8,"minecraft:time_since_rest":2375,"minecraft:waystone_activated":2,"minecraft:damage_taken":18253,"minecraft:damage_dealt":30788,"minecraft:player_kills":1,"minecraft:swim_one_cm":13620,"minecraft:fly_one_cm":633122,"minecraft:crouch_one_cm":1349,"minecraft:open_chest":66,"tombstone:undead_killed":55,"minecraft:fall_one_cm":66634,"minecraft:inspect_dispenser":2},"minecraft:used":{"minecraft:iron_shovel":78,"minecraft:iron_bars":1,"minecraft:chest":1,"minecraft:spruce_planks":2,"minecraft:cooked_chicken":3,"minecraft:torch":94,"minecraft:dirt":3,"travelersbackpack:iron":6,"duneons:crumsoncoresword":101,"minecraft:dark_oak_planks":2,"minecraft:glass":15,"minecraft:iron_axe":357,"minecraft:oak_stairs":3,"duneons:macefix":103,"minecraft:stone_brick_stairs":1,"minecraft:hay_block":1,"minecraft:furnace":3,"tombstone:gift":2,"minecraft:cooked_mutton":1,"minecraft:dark_oak_stairs":2,"minecraft:diorite":4,"minecraft:oak_planks":12,"minecraft:stone_pickaxe":94,"minecraft:wooden_pickaxe":6,"duneons:cutlass":121,"minecraft:white_wool":1,"duneons:strengthenironpickaxe":6,"minecraft:lime_bed":1,"minecraft:crafting_table":10,"minecraft:white_bed":7,"minecraft:diamond_pickaxe":29,"minecraft:diamond_shovel":1,"minecraft:bread":72,"minecraft:iron_pickaxe":581,"tombstone:magic_scroll":3,"minecraft:stone_axe":76,"minecraft:cobblestone":114,"minecraft:cooked_porkchop":4,"duneons:doubleaxe":53},"minecraft:crafted":{"minecraft:oak_planks":84,"travelersbackpack:iron":1,"minecraft:cooked_chicken":4,"minecraft:furnace":2,"minecraft:cooked_mutton":3,"minecraft:glass":20,"minecraft:iron_axe":3,"minecraft:stone_pickaxe":1,"minecraft:chest":2,"minecraft:wheat":135,"minecraft:red_dye":2,"minecraft:cooked_porkchop":4,"minecraft:crafting_table":6,"travelersbackpack:backpack_tank":2,"minecraft:wooden_pickaxe":1,"travelersbackpack:standard":1,"minecraft:red_wool":2,"minecraft:stone_axe":1,"minecraft:air":0,"minecraft:bread":45,"travelersbackpack:red_sleeping_bag":1,"minecraft:stick":52,"minecraft:iron_pickaxe":3,"minecraft:iron_shovel":2,"minecraft:white_bed":1,"minecraft:torch":76},"minecraft:killed":{"duneons:zombievangruard":1,"vampirism:vampire":1,"minecraft:cave_spider":1,"minecraft:witch":1,"minecraft:vindicator":2,"minecraft:spider":6,"minecraft:horse":1,"minecraft:skeleton":18,"minecraft:chicken":4,"minecraft:llama":2,"minecraft:silverfish":4,"ars_nouveau:summon_wolf":4,"shroom_dealers:toadstool_dealer":1,"minecraft:pig":12,"minecraft:zombie_villager":1,"ars_nouveau:wilden_guardian":3,"minecraft:sheep":10,"minecraft:pillager":12,"duneons:vindicatorroyaleblue":6,"minecraft:zombie":20,"ars_nouveau:wilden_stalker":8,"minecraft:stray":13,"ars_nouveau:wilden_hunter":3,"minecraft:wither_skeleton":2,"minecraft:enderman":2,"minecraft:cow":18},"minecraft:picked_up":{"minecraft:crafting_table":4,"minecraft:chicken":4,"duneons:swamplog":1,"minecraft:oak_stairs":9,"duneons:shield_johan":1,"minecraft:enchanted_book":1,"minecraft:stone_brick_stairs":5,"minecraft:string":1,"minecraft:iron_leggings":1,"duneons:dark_armor_helmet":1,"duneons:goldchest":1,"minecraft:spruce_planks":2,"minecraft:beef":36,"minecraft:iron_pickaxe":2,"minecraft:poppy":2,"minecraft:sugar_cane":24,"minecraft:chest":1,"minecraft:furnace":3,"minecraft:stick":8,"minecraft:tipped_arrow":3,"minecraft:oak_fence":6,"minecraft:torch":46,"minecraft:porkchop":24,"tombstone:grave_dust":7,"minecraft:diorite":4,"minecraft:vine":1,"duneons:dark_armor_chestplate":1,"minecraft:dark_oak_planks":6,"vampirism:hunter_table":1,"duneons:glove":1,"minecraft:arrow":27,"minecraft:rotten_flesh":26,"minecraft:diamond_chestplate":1,"ars_nouveau:worn_notebook":1,"minecraft:hay_block":20,"minecraft:mutton":14,"minecraft:white_wool":23,"minecraft:iron_bars":14,"minecraft:cobblestone":205,"minecraft:enchanting_table":1,"duneons:rainbowglass":1,"minecraft:lime_bed":1,"minecraft:leather_chestplate":1,"minecraft:feather":4,"minecraft:leather":19,"minecraft:brown_wool":1,"ars_nouveau:wilden_wing":3,"minecraft:oak_log":21,"minecraft:golden_boots":1,"minecraft:lapis_lazuli":7,"minecraft:dirt":9,"tombstone:familiar_receptacle":1,"minecraft:twisting_vines":1,"travelersbackpack:backpack_tank":2,"duneons:vangardbanner":2,"minecraft:glass":28,"minecraft:bone":22,"minecraft:apple":1,"minecraft:stone_bricks":14,"duneons:giter":2,"minecraft:bow":1,"minecraft:wheat_seeds":1,"minecraft:iron_ingot":5,"minecraft:iron_ore":72,"minecraft:mossy_stone_bricks":2,"minecraft:oak_planks":20,"minecraft:dark_oak_stairs":2,"minecraft:book":1,"duneons:goldgauntlet":1,"duneons:reddungeonsglass":4,"minecraft:gravel":3,"minecraft:sand":49,"minecraft:white_bed":6,"minecraft:gold_ore":6,"minecraft:dark_oak_log":2,"duneons:maidhelemt_helmet":1,"minecraft:spider_eye":5,"minecraft:leather_helmet":1,"duneons:wood_stronghold":1,"duneons:punkindoor":2,"minecraft:diamond":9,"minecraft:polished_blackstone_pressure_plate":5,"iceandfire:lectern":1,"waystones:waystone":2,"duneons:vangardpotion":2,"minecraft:gray_wool":1,"minecraft:emerald":2,"tombstone:magic_scroll":2,"minecraft:oak_sapling":4,"minecraft:coal":67,"minecraft:ender_pearl":2},"minecraft:broken":{"minecraft:leather_helmet":1,"duneons:minerarmor_chestplate":1,"minecraft:diamond_chestplate":1,"minecraft:golden_boots":1,"duneons:crumsoncoresword":1,"minecraft:leather_leggings":1,"vampirism:armor_of_swiftness_head_ultimate":1,"minecraft:iron_leggings":1,"minecraft:chainmail_helmet":1,"minecraft:leather_chestplate":1,"minecraft:stone_pickaxe":1,"duneons:doubleaxe":1,"minecraft:iron_axe":2,"minecraft:stone_axe":1,"minecraft:iron_pickaxe":2,"vampirism:armor_of_swiftness_feet_ultimate":1,"duneons:macefix":2,"duneons:ghostkindlerblack_helmet":2,"duneons:cutlass":1},"minecraft:killed_by":{"minecraft:player":2,"minecraft:wither_skeleton":1,"minecraft:stray":1,"minecraft:creeper":1,"minecraft:enderman":1,"minecraft:iron_golem":1,"duneons:zombievangruard":3,"duneons:leaper":4,"ars_nouveau:wilden_hunter":2,"minecraft:skeleton":6,"minecraft:zombie":1,"duneons:wishperer":16,"duneons:wraith":1,"vampirism:vampire":2},"minecraft:mined":{"minecraft:dark_oak_planks":2,"duneons:swampdirt":11,"minecraft:diamond_ore":10,"minecraft:spruce_planks":3,"minecraft:white_bed":5,"duneons:darkstonebricks":4,"iceandfire:silver_ore":2,"minecraft:mossy_cobblestone":1,"minecraft:dark_oak_log":1,"create:natural_scoria":4,"duneons:giantgoldencandle":1,"minecraft:granite":3,"minecraft:spruce_fence":1,"minecraft:grass_block":13,"iceandfire:lectern":1,"duneons:bamboobiggrass":2,"vampirism:hunter_table":1,"minecraft:polished_blackstone_pressure_plate":5,"minecraft:chiseled_stone_bricks":3,"minecraft:spawner":21,"minecraft:red_stained_glass_pane":3,"duneons:bambootall":3,"duneons:reddungeonsglass":5,"minecraft:hay_block":20,"minecraft:furnace":3,"duneons:swampcobblestonemossy":1,"minecraft:iron_ore":72,"minecraft:andesite":12,"minecraft:enchanting_table":1,"minecraft:dark_oak_stairs":2,"duneons:swamplog":2,"minecraft:twisting_vines":1,"minecraft:mossy_stone_brick_stairs":1,"minecraft:vine":3,"minecraft:iron_bars":16,"minecraft:oak_stairs":3,"duneons:vangardbanner":2,"minecraft:stone":272,"duneons:swampgrassside":3,"minecraft:glass_pane":2,"minecraft:twisting_vines_plant":2,"minecraft:dandelion":2,"minecraft:clay":1,"minecraft:oak_fence":3,"minecraft:crafting_table":5,"minecraft:torch":7,"minecraft:poppy":2,"minecraft:chest":2,"minecraft:dead_bush":1,"minecraft:mushroom_stem":2,"minecraft:tall_grass":3,"minecraft:cobblestone":10,"minecraft:lapis_ore":1,"minecraft:sugar_cane":4,"minecraft:iron_door":1,"minecraft:diorite":12,"minecraft:wall_torch":4,"duneons:goldchest":1,"duneons:dungeonglass":1,"minecraft:lime_bed":1,"duneons:wood_stronghold":9,"minecraft:birch_leaves":2,"minecraft:stone_brick_stairs":6,"minecraft:infested_mossy_stone_bricks":1,"minecraft:grass":11,"minecraft:coal_ore":57,"minecraft:oak_log":17,"minecraft:gravel":4,"minecraft:dirt":7,"minecraft:sand":48,"ars_nouveau:arcane_ore":1,"minecraft:stone_bricks":32,"minecraft:gold_ore":6,"minecraft:mossy_stone_bricks":2,"minecraft:oak_leaves":1},"minecraft:dropped":{"vampirism:item_garlic":4,"minecraft:enchanted_book":2,"duneons:corruptedbeaconspookyte":1,"minecraft:oak_fence":6,"minecraft:iron_helmet":1,"minecraft:cobblestone":69,"minecraft:book":1,"minecraft:stick":19,"duneons:giter":2,"minecraft:dirt":6,"minecraft:gray_wool":1,"minecraft:dark_oak_log":1,"minecraft:brown_wool":1,"minecraft:iron_door":1,"tombstone:grave_dust":7,"minecraft:oak_stairs":6,"duneons:wood_stronghold":1,"minecraft:sand":1,"minecraft:iron_pickaxe":1,"duneons:reddungeonsglass":2,"travelersbackpack:backpack_tank":2,"minecraft:dark_oak_planks":4,"ars_nouveau:wilden_wing":2,"minecraft:bone":23,"minecraft:sugar_cane":12,"minecraft:cooked_chicken":1,"vampirism:holy_water_bottle_normal":2,"tombstone:gift":2,"vampirism:holy_water_bottle_enhanced":1,"duneons:maidhelemt_helmet":1,"minecraft:rotten_flesh":27,"minecraft:oak_planks":14,"minecraft:cooked_mutton":2,"minecraft:spruce_planks":6,"minecraft:mossy_stone_bricks":2,"minecraft:oak_sapling":4,"iceandfire:lectern":1,"minecraft:spider_eye":5,"minecraft:stone_bricks":1,"minecraft:iron_ore":8,"minecraft:iron_bars":13,"minecraft:arrow":28,"minecraft:glass":8,"minecraft:wooden_pickaxe":1,"waystones:waystone":1,"minecraft:stone_brick_stairs":4,"duneons:punkindoor":2}},"DataVersion":2586}