{"stats":{"minecraft:custom":{"minecraft:jump":115,"minecraft:time_since_rest":9525,"minecraft:crouch_one_cm":228,"minecraft:play_one_minute":9525,"minecraft:leave_game":1,"minecraft:sprint_one_cm":15744,"minecraft:damage_taken":10,"minecraft:time_since_death":9525,"minecraft:walk_one_cm":12092,"minecraft:sneak_time":40,"minecraft:climb_one_cm":456,"minecraft:fly_one_cm":14257,"minecraft:fall_one_cm":1596},"minecraft:mined":{"minecraft:oak_log":5,"minecraft:grass_block":1},"minecraft:picked_up":{"minecraft:oak_log":5,"ars_nouveau:worn_notebook":1,"minecraft:dirt":1},"minecraft:used":{"carryon:entity_item":1,"minecraft:dirt":1}},"DataVersion":2586}