{"stats":{"minecraft:dropped":{"minecraft:clay_ball":9,"minecraft:dirt":5,"tombstone:grave_dust":4,"minecraft:stone_bricks":2,"minecraft:spider_eye":1,"minecraft:bow":1,"minecraft:sugar":1},"minecraft:custom":{"minecraft:mob_kills":20,"tombstone:raider_killed":1,"minecraft:interact_with_crafting_table":5,"minecraft:play_one_minute":47826,"minecraft:leave_game":2,"minecraft:time_since_death":5576,"minecraft:climb_one_cm":456,"minecraft:time_since_rest":5471,"minecraft:sprint_one_cm":85952,"minecraft:damage_taken":1338,"minecraft:walk_one_cm":124456,"minecraft:drop":11,"minecraft:damage_dealt":3727,"minecraft:fly_one_cm":99165,"minecraft:open_chest":4,"minecraft:crouch_one_cm":1111,"tombstone:undead_killed":15,"minecraft:deaths":5,"minecraft:sneak_time":489,"minecraft:aviate_one_cm":10384,"minecraft:jump":572,"minecraft:walk_on_water_one_cm":238,"minecraft:fall_one_cm":12114},"minecraft:killed_by":{"ars_nouveau:wilden_hunter":1,"minecraft:skeleton":1,"minecraft:creeper":1,"minecraft:zombie":1},"minecraft:mined":{"minecraft:clay":1,"minecraft:crafting_table":3,"minecraft:grass_block":5,"duneons:coarsedirt_2":1,"minecraft:cobblestone":1,"minecraft:iron_ore":70,"minecraft:coal_ore":86,"minecraft:oak_log":26,"minecraft:dirt":1,"minecraft:stone":60,"minecraft:stone_bricks":2,"ars_nouveau:arcane_ore":4,"minecraft:white_wool":1,"minecraft:oak_leaves":2},"minecraft:picked_up":{"minecraft:crafting_table":4,"minecraft:clay_ball":5,"minecraft:wooden_pickaxe":1,"minecraft:enchanted_book":1,"minecraft:oak_log":26,"minecraft:dirt":6,"minecraft:string":2,"tombstone:familiar_receptacle":1,"ars_nouveau:mana_gem":4,"minecraft:bone":1,"minecraft:apple":2,"minecraft:stone_bricks":2,"minecraft:bow":1,"minecraft:iron_ore":69,"minecraft:stick":8,"minecraft:torch":1,"tombstone:grave_dust":4,"minecraft:spider_eye":1,"ars_nouveau:wilden_horn":1,"minecraft:rotten_flesh":8,"minecraft:arrow":2,"minecraft:sugar":1,"ars_nouveau:worn_notebook":1,"tombstone:magic_scroll":1,"minecraft:oak_sapling":4,"minecraft:mutton":1,"minecraft:coal":88,"minecraft:white_wool":2,"minecraft:cobblestone":68},"minecraft:killed":{"minecraft:witch":1,"minecraft:sheep":1,"minecraft:skeleton":6,"minecraft:zombie":9,"ars_nouveau:summon_wolf":1,"ars_nouveau:wilden_hunter":1},"minecraft:used":{"minecraft:stone_sword":88,"minecraft:stone_pickaxe":192,"minecraft:wooden_pickaxe":45,"minecraft:white_wool":1,"minecraft:dirt":1,"minecraft:crafting_table":4,"iceandfire:pixie_dust":1,"minecraft:apple":2,"minecraft:bread":1,"carryon:entity_item":1,"minecraft:stone_axe":15},"minecraft:broken":{"minecraft:stone_pickaxe":1,"minecraft:wooden_pickaxe":1},"minecraft:crafted":{"minecraft:oak_planks":4,"minecraft:crafting_table":1,"minecraft:stone_axe":1,"minecraft:stone_pickaxe":2,"minecraft:stone_sword":1}},"DataVersion":2586}