{"stats":{"minecraft:killed_by":{"iceandfire:cyclops":1,"minecraft:creeper":1,"minecraft:iron_golem":1,"minecraft:vindicator":1,"ars_nouveau:wilden_hunter":1,"iceandfire:gorgon":3,"minecraft:skeleton":1,"minecraft:zombie":1},"minecraft:custom":{"minecraft:mob_kills":167,"minecraft:interact_with_crafting_table":21,"goblintraders:trade_with_goblin":5,"minecraft:leave_game":2,"minecraft:time_since_death":5486,"minecraft:climb_one_cm":4663,"minecraft:sprint_one_cm":380454,"minecraft:walk_one_cm":527767,"minecraft:drop":104,"minecraft:sneak_time":2022,"minecraft:deaths":12,"minecraft:walk_under_water_one_cm":5914,"minecraft:jump":2486,"tombstone:kill_undead_boss":1,"minecraft:interact_with_blast_furnace":20,"minecraft:walk_on_water_one_cm":43728,"minecraft:interact_with_furnace":13,"tombstone:raider_killed":39,"minecraft:play_one_minute":183527,"minecraft:raid_trigger":1,"minecraft:time_since_rest":5173,"minecraft:waystone_activated":1,"minecraft:damage_taken":2147483647,"minecraft:damage_absorbed":64,"minecraft:minecart_one_cm":332,"minecraft:damage_dealt":36160,"minecraft:fly_one_cm":765709,"minecraft:swim_one_cm":2014,"minecraft:player_kills":3,"minecraft:open_chest":69,"minecraft:crouch_one_cm":2220,"tombstone:undead_killed":49,"minecraft:aviate_one_cm":16877,"minecraft:fall_one_cm":57158},"minecraft:dropped":{"minecraft:gold_ore":1,"duneons:vasedungeon":4,"minecraft:soul_sand":1,"minecraft:golden_helmet":1,"minecraft:mossy_cobblestone":6,"minecraft:glass_bottle":1,"minecraft:crossbow":2,"minecraft:leather":3,"minecraft:mossy_stone_brick_stairs":1,"minecraft:polished_andesite":2,"duneons:strengthenironpickaxe":4,"minecraft:dirt":22,"origins:orb_of_origin":1,"minecraft:torch":5,"tombstone:grave_dust":12,"minecraft:iron_leggings":1,"duneons:rainbowgrass":1,"minecraft:white_banner":2,"minecraft:sugar":2,"minecraft:iron_pickaxe":2,"minecraft:smooth_stone":2,"duneons:reddungeonsglass":2,"duneons:candle_3":1,"ars_nouveau:wilden_horn":3,"minecraft:white_wool":18,"ars_nouveau:wilden_wing":2,"duneons:swampfern":10,"minecraft:gravel":1,"minecraft:stone_axe":1,"ars_nouveau:wilden_spike":1,"minecraft:stone_sword":2,"minecraft:bowl":3,"iceandfire:witherbone":5,"tombstone:gift":7,"minecraft:clay_ball":14,"duneons:glove":2,"minecraft:white_terracotta":2,"duneons:vangardpotion":2,"minecraft:poppy":3,"minecraft:tipped_arrow":1,"duneons:swamplog":1,"minecraft:iron_bars":8,"minecraft:mossy_stone_bricks":5,"minecraft:oak_sapling":4,"minecraft:stone_bricks":14,"minecraft:spider_eye":7,"minecraft:slime_ball":29,"minecraft:arrow":2,"minecraft:bow":2,"minecraft:stone_pickaxe":2,"minecraft:light_blue_terracotta":1,"minecraft:stone_brick_stairs":1},"minecraft:mined":{"minecraft:diamond_ore":2,"duneons:bluevangardvase":1,"minecraft:mossy_cobblestone":9,"duneons:swampfern":14,"minecraft:grass_block":5,"duneons:bamboobiggrass":7,"minecraft:chiseled_stone_bricks":1,"minecraft:spawner":25,"duneons:bambootall":43,"minecraft:furnace":1,"minecraft:mossy_cobblestone_stairs":2,"minecraft:iron_ore":129,"minecraft:nether_brick_stairs":2,"minecraft:mossy_stone_brick_stairs":2,"minecraft:vine":2,"duneons:swamplog":1,"duneons:pattern":1,"duneons:cobwebdig":1,"duneons:loot_biggrey":1,"minecraft:iron_bars":8,"vampirism:church_altar":1,"minecraft:stone":124,"minecraft:bone_block":52,"minecraft:white_wool":1,"duneons:soggyswamobricks":5,"duneons:vasedungeon":2,"minecraft:crafting_table":4,"minecraft:clay":1,"minecraft:torch":1,"minecraft:blast_furnace":2,"duneons:coarsedirt_2":1,"duneons:bamboograss":12,"minecraft:cobblestone":16,"minecraft:white_terracotta":2,"minecraft:light_blue_terracotta":1,"minecraft:repeater":1,"minecraft:grass":1,"minecraft:stone_brick_stairs":1,"minecraft:coal_ore":103,"minecraft:oak_log":26,"minecraft:pink_stained_glass_pane":2,"minecraft:dirt":3,"minecraft:cracked_stone_bricks":5,"minecraft:polished_andesite":5,"minecraft:stone_bricks":10,"ars_nouveau:arcane_ore":8,"minecraft:netherrack":1,"minecraft:mossy_stone_bricks":14,"minecraft:gold_ore":10,"minecraft:oak_leaves":3,"duneons:tombstone":1},"minecraft:picked_up":{"minecraft:crafting_table":5,"iceandfire:witherbone":5,"minecraft:clay_ball":10,"duneons:swamplog":1,"minecraft:wooden_pickaxe":1,"minecraft:enchanted_book":2,"minecraft:stone_brick_stairs":2,"duneons:sabrewing_bow":1,"minecraft:string":20,"ars_nouveau:mana_gem":8,"minecraft:cracked_stone_bricks":2,"minecraft:smooth_stone":2,"duneons:strengthenironpickaxe":3,"minecraft:poppy":3,"minecraft:iron_pickaxe":1,"duneons:tripleaxe":1,"minecraft:furnace":1,"minecraft:golden_helmet":1,"minecraft:tipped_arrow":1,"minecraft:stick":8,"minecraft:torch":3,"minecraft:bowl":1,"minecraft:porkchop":1,"tombstone:grave_dust":12,"minecraft:golden_chestplate":1,"duneons:glove":1,"duneons:moondagger":1,"minecraft:stone_sword":1,"minecraft:arrow":32,"minecraft:rotten_flesh":27,"ars_nouveau:worn_notebook":1,"minecraft:diamond_boots":1,"minecraft:gold_ingot":121,"duneons:vasedungeon":4,"minecraft:white_terracotta":2,"minecraft:mutton":4,"minecraft:iron_bars":8,"minecraft:bone_block":52,"minecraft:white_wool":3,"minecraft:cobblestone":145,"minecraft:repeater":1,"minecraft:golden_leggings":1,"minecraft:leather":3,"minecraft:potato":2,"ars_nouveau:wilden_wing":2,"minecraft:oak_log":26,"minecraft:gunpowder":2,"minecraft:dirt":36,"tombstone:gift":3,"tombstone:familiar_receptacle":2,"minecraft:white_banner":2,"duneons:thepinkscoundrel":1,"minecraft:glass":8,"minecraft:bone":35,"vampirism:church_altar":1,"minecraft:apple":2,"minecraft:stone_bricks":14,"minecraft:bow":2,"minecraft:iron_ingot":12,"minecraft:stone_pickaxe":1,"minecraft:iron_ore":174,"minecraft:mossy_stone_bricks":15,"duneons:swampfern":10,"minecraft:soul_sand":1,"minecraft:mossy_stone_brick_stairs":3,"duneons:reddungeonsglass":2,"duneons:corrupted_beacon_a":1,"minecraft:gravel":1,"minecraft:polished_andesite":2,"ars_nouveau:wilden_spike":1,"minecraft:blast_furnace":2,"minecraft:gold_ore":11,"minecraft:spider_eye":7,"ars_nouveau:wilden_horn":4,"minecraft:mossy_cobblestone":10,"minecraft:light_blue_terracotta":1,"duneons:elevator":1,"tombstone:familiar_stone":1,"minecraft:slime_ball":29,"minecraft:sugar":2,"minecraft:diamond":2,"duneons:vangardpotion":1,"minecraft:crossbow":2,"minecraft:mossy_cobblestone_stairs":2,"minecraft:emerald":6,"iceandfire:gorgon_head":1,"minecraft:oak_sapling":4,"tombstone:magic_scroll":2,"minecraft:coal":169,"minecraft:ender_pearl":7},"minecraft:killed":{"duneons:zombievangruard":1,"vampirism:vampire":3,"minecraft:cave_spider":7,"minecraft:witch":1,"minecraft:vindicator":7,"iceandfire:gorgon":1,"minecraft:spider":5,"minecraft:slime":18,"minecraft:skeleton":15,"duneons:pigchest":1,"ars_nouveau:summon_wolf":5,"iceandfire:cyclops":1,"minecraft:iron_golem":1,"minecraft:creeper":3,"duneons:cauldron_boss":1,"ars_nouveau:wilden_guardian":1,"minecraft:sheep":1,"minecraft:pillager":31,"duneons:vindicatorroyaleblue":1,"minecraft:zombie":25,"ars_nouveau:wilden_stalker":4,"duneons:illagergeomancer":1,"minecraft:stray":1,"duneons:junglezombie":1,"ars_nouveau:wilden_hunter":6,"minecraft:wither_skeleton":4,"minecraft:enderman":2},"minecraft:used":{"minecraft:stone_sword":99,"minecraft:iron_sword":625,"minecraft:rotten_flesh":31,"minecraft:torch":4,"minecraft:dirt":14,"iceandfire:pixie_dust":1,"travelersbackpack:gold":3,"minecraft:iron_axe":9,"carryon:entity_item":1,"minecraft:rabbit_stew":1,"minecraft:furnace":1,"minecraft:cooked_beef":5,"minecraft:cooked_mutton":2,"minecraft:iron_ore":2,"minecraft:stone_pickaxe":193,"minecraft:wooden_pickaxe":45,"minecraft:white_wool":1,"minecraft:golden_apple":3,"duneons:strengthenironpickaxe":3,"minecraft:crafting_table":7,"minecraft:blast_furnace":2,"minecraft:apple":2,"minecraft:bread":2,"minecraft:iron_pickaxe":327,"vampirism:church_altar":1,"minecraft:stone_axe":15,"minecraft:cobblestone":149,"minecraft:potion":1,"travelersbackpack:standard":12,"minecraft:porkchop":1,"minecraft:experience_bottle":32},"minecraft:broken":{"minecraft:iron_boots":3,"minecraft:iron_chestplate":3,"minecraft:iron_leggings":4,"minecraft:wooden_pickaxe":1,"minecraft:stone_pickaxe":1,"minecraft:diamond_boots":1,"minecraft:iron_sword":1,"minecraft:iron_pickaxe":1,"minecraft:iron_helmet":1,"minecraft:golden_chestplate":1},"minecraft:crafted":{"minecraft:oak_planks":12,"minecraft:smooth_stone":3,"minecraft:furnace":1,"minecraft:blast_furnace":1,"minecraft:stone":3,"minecraft:iron_boots":3,"minecraft:iron_axe":1,"minecraft:stone_pickaxe":2,"minecraft:crafting_table":2,"minecraft:iron_helmet":1,"minecraft:iron_sword":1,"minecraft:stone_axe":1,"minecraft:air":0,"minecraft:iron_chestplate":3,"minecraft:stick":8,"minecraft:iron_pickaxe":2,"minecraft:iron_ingot":68,"minecraft:stone_sword":1,"minecraft:iron_leggings":3,"minecraft:gold_ingot":15}},"DataVersion":2586}