{"stats":{"minecraft:killed_by":{"ars_nouveau:wilden_hunter":1,"minecraft:skeleton":1,"minecraft:creeper":1,"minecraft:zombie":1},"minecraft:custom":{"minecraft:interact_with_furnace":13,"minecraft:mob_kills":44,"tombstone:raider_killed":17,"minecraft:interact_with_crafting_table":16,"goblintraders:trade_with_goblin":5,"minecraft:play_one_minute":81527,"minecraft:leave_game":2,"minecraft:time_since_death":39277,"minecraft:climb_one_cm":456,"minecraft:time_since_rest":39172,"minecraft:sprint_one_cm":139707,"minecraft:damage_absorbed":24,"minecraft:damage_taken":2186,"minecraft:walk_one_cm":205695,"minecraft:drop":37,"minecraft:minecart_one_cm":332,"minecraft:damage_dealt":9116,"minecraft:player_kills":1,"minecraft:fly_one_cm":164566,"minecraft:open_chest":8,"minecraft:crouch_one_cm":1846,"tombstone:undead_killed":18,"minecraft:deaths":5,"minecraft:sneak_time":864,"minecraft:walk_under_water_one_cm":1114,"minecraft:aviate_one_cm":16877,"minecraft:jump":1034,"minecraft:interact_with_blast_furnace":20,"minecraft:walk_on_water_one_cm":12079,"minecraft:fall_one_cm":22556},"minecraft:dropped":{"duneons:vasedungeon":2,"minecraft:stone_axe":1,"minecraft:stone_sword":1,"minecraft:bowl":1,"tombstone:gift":4,"minecraft:clay_ball":14,"minecraft:dirt":15,"origins:orb_of_origin":1,"duneons:swamplog":1,"duneons:rainbowgrass":1,"tombstone:grave_dust":12,"minecraft:spider_eye":2,"minecraft:stone_bricks":6,"minecraft:arrow":2,"minecraft:bow":2,"minecraft:stone_pickaxe":2,"minecraft:sugar":2,"duneons:candle_3":1,"ars_nouveau:wilden_wing":1},"minecraft:mined":{"minecraft:diamond_ore":2,"duneons:vasedungeon":2,"minecraft:clay":1,"minecraft:crafting_table":4,"minecraft:blast_furnace":2,"minecraft:grass_block":5,"duneons:coarsedirt_2":1,"minecraft:cobblestone":1,"minecraft:furnace":1,"minecraft:iron_ore":122,"duneons:cobwebdig":1,"duneons:pattern":1,"duneons:swamplog":1,"minecraft:oak_log":26,"minecraft:coal_ore":103,"minecraft:dirt":1,"vampirism:church_altar":1,"minecraft:stone":123,"ars_nouveau:arcane_ore":8,"minecraft:stone_bricks":2,"minecraft:gold_ore":10,"minecraft:white_wool":1,"minecraft:oak_leaves":3,"duneons:tombstone":1},"minecraft:picked_up":{"minecraft:crafting_table":5,"duneons:swamplog":1,"minecraft:clay_ball":10,"minecraft:wooden_pickaxe":1,"minecraft:enchanted_book":1,"ars_nouveau:wilden_wing":2,"minecraft:oak_log":26,"minecraft:dirt":21,"minecraft:string":2,"tombstone:familiar_receptacle":1,"tombstone:gift":2,"vampirism:church_altar":1,"ars_nouveau:mana_gem":8,"minecraft:bone":1,"minecraft:apple":2,"minecraft:stone_bricks":8,"minecraft:bow":2,"minecraft:iron_ingot":1,"minecraft:stone_pickaxe":1,"minecraft:iron_ore":167,"duneons:tripleaxe":1,"minecraft:furnace":1,"minecraft:stick":8,"minecraft:torch":2,"minecraft:bowl":1,"minecraft:blast_furnace":2,"tombstone:grave_dust":12,"duneons:elevator":1,"minecraft:gold_ore":11,"ars_nouveau:wilden_horn":1,"minecraft:spider_eye":2,"minecraft:rotten_flesh":13,"minecraft:arrow":2,"minecraft:sugar":2,"minecraft:diamond":2,"ars_nouveau:worn_notebook":1,"duneons:vasedungeon":2,"minecraft:emerald":1,"tombstone:magic_scroll":1,"minecraft:oak_sapling":4,"minecraft:mutton":1,"minecraft:coal":105,"minecraft:white_wool":2,"minecraft:cobblestone":129},"minecraft:killed":{"vampirism:vampire":1,"minecraft:witch":1,"minecraft:spider":1,"minecraft:sheep":1,"minecraft:skeleton":6,"minecraft:pillager":16,"minecraft:zombie":12,"ars_nouveau:wilden_stalker":1,"ars_nouveau:summon_wolf":1,"ars_nouveau:wilden_hunter":1},"minecraft:used":{"minecraft:iron_ore":2,"minecraft:stone_sword":88,"minecraft:stone_pickaxe":193,"minecraft:wooden_pickaxe":45,"minecraft:iron_sword":101,"minecraft:rotten_flesh":12,"minecraft:torch":2,"minecraft:white_wool":1,"minecraft:golden_apple":1,"minecraft:dirt":1,"minecraft:crafting_table":5,"iceandfire:pixie_dust":1,"minecraft:blast_furnace":2,"minecraft:apple":2,"minecraft:iron_axe":2,"minecraft:bread":1,"minecraft:iron_pickaxe":155,"carryon:entity_item":1,"minecraft:rabbit_stew":1,"vampirism:church_altar":1,"minecraft:stone_axe":15,"travelersbackpack:standard":2,"minecraft:furnace":1},"minecraft:broken":{"minecraft:stone_pickaxe":1,"minecraft:wooden_pickaxe":1},"minecraft:crafted":{"minecraft:smooth_stone":3,"minecraft:oak_planks":8,"minecraft:crafting_table":1,"minecraft:iron_sword":1,"minecraft:furnace":1,"minecraft:blast_furnace":1,"minecraft:stone":3,"minecraft:stone_axe":1,"minecraft:air":0,"minecraft:iron_boots":1,"minecraft:iron_chestplate":1,"minecraft:iron_axe":1,"minecraft:stick":8,"minecraft:iron_ingot":68,"minecraft:iron_pickaxe":1,"minecraft:stone_pickaxe":2,"minecraft:stone_sword":1,"minecraft:gold_ingot":15,"minecraft:iron_leggings":1}},"DataVersion":2586}