{"stats":{"minecraft:killed_by":{"minecraft:creeper":1,"ars_nouveau:wilden_hunter":1,"iceandfire:gorgon":3,"minecraft:skeleton":1,"minecraft:zombie":1},"minecraft:custom":{"minecraft:mob_kills":68,"minecraft:interact_with_crafting_table":16,"goblintraders:trade_with_goblin":5,"minecraft:leave_game":2,"minecraft:time_since_death":9044,"minecraft:climb_one_cm":1194,"minecraft:sprint_one_cm":187003,"minecraft:walk_one_cm":296488,"minecraft:drop":53,"minecraft:sneak_time":945,"minecraft:deaths":8,"minecraft:walk_under_water_one_cm":2494,"minecraft:jump":1465,"minecraft:interact_with_blast_furnace":20,"minecraft:walk_on_water_one_cm":24832,"minecraft:interact_with_furnace":13,"tombstone:raider_killed":24,"minecraft:play_one_minute":105527,"minecraft:time_since_rest":8759,"minecraft:damage_taken":2147483647,"minecraft:damage_absorbed":24,"minecraft:minecart_one_cm":332,"minecraft:damage_dealt":13223,"minecraft:fly_one_cm":257143,"minecraft:swim_one_cm":2014,"minecraft:player_kills":1,"minecraft:open_chest":12,"minecraft:crouch_one_cm":1846,"tombstone:undead_killed":21,"minecraft:aviate_one_cm":16877,"minecraft:fall_one_cm":35918},"minecraft:dropped":{"duneons:vasedungeon":2,"minecraft:mossy_cobblestone":5,"minecraft:glass_bottle":1,"minecraft:crossbow":2,"minecraft:dirt":21,"origins:orb_of_origin":1,"tombstone:grave_dust":12,"duneons:rainbowgrass":1,"minecraft:sugar":2,"duneons:candle_3":1,"ars_nouveau:wilden_wing":1,"duneons:swampfern":10,"minecraft:stone_axe":1,"minecraft:stone_sword":1,"minecraft:bowl":3,"tombstone:gift":6,"minecraft:clay_ball":14,"duneons:vangardpotion":2,"duneons:swamplog":1,"minecraft:mossy_stone_bricks":4,"minecraft:stone_bricks":6,"minecraft:spider_eye":2,"minecraft:arrow":2,"minecraft:bow":2,"minecraft:stone_pickaxe":2},"minecraft:mined":{"minecraft:diamond_ore":2,"minecraft:mossy_cobblestone":5,"duneons:swampfern":11,"minecraft:grass_block":5,"duneons:bamboobiggrass":7,"duneons:bambootall":43,"minecraft:furnace":1,"minecraft:iron_ore":123,"duneons:swamplog":1,"duneons:pattern":1,"duneons:cobwebdig":1,"vampirism:church_altar":1,"minecraft:stone":123,"minecraft:white_wool":1,"duneons:soggyswamobricks":5,"duneons:vasedungeon":2,"minecraft:crafting_table":4,"minecraft:clay":1,"minecraft:blast_furnace":2,"duneons:coarsedirt_2":1,"duneons:bamboograss":12,"minecraft:cobblestone":16,"minecraft:repeater":1,"minecraft:coal_ore":103,"minecraft:oak_log":26,"minecraft:dirt":3,"minecraft:cracked_stone_bricks":2,"minecraft:stone_bricks":3,"ars_nouveau:arcane_ore":8,"minecraft:mossy_stone_bricks":2,"minecraft:gold_ore":10,"minecraft:oak_leaves":3,"duneons:tombstone":1},"minecraft:picked_up":{"minecraft:crafting_table":5,"minecraft:clay_ball":10,"duneons:swamplog":1,"minecraft:wooden_pickaxe":1,"minecraft:enchanted_book":1,"minecraft:string":4,"ars_nouveau:mana_gem":8,"duneons:tripleaxe":1,"minecraft:furnace":1,"minecraft:stick":8,"minecraft:torch":2,"minecraft:bowl":1,"tombstone:grave_dust":12,"minecraft:arrow":4,"minecraft:rotten_flesh":13,"ars_nouveau:worn_notebook":1,"duneons:vasedungeon":4,"minecraft:mutton":1,"minecraft:white_wool":2,"minecraft:cobblestone":144,"minecraft:repeater":1,"ars_nouveau:wilden_wing":2,"minecraft:oak_log":26,"minecraft:dirt":35,"tombstone:gift":3,"tombstone:familiar_receptacle":1,"minecraft:white_banner":2,"minecraft:bone":1,"vampirism:church_altar":1,"minecraft:apple":2,"minecraft:stone_bricks":9,"minecraft:bow":2,"minecraft:iron_ingot":1,"minecraft:stone_pickaxe":1,"minecraft:iron_ore":168,"minecraft:mossy_stone_bricks":2,"duneons:swampfern":10,"minecraft:blast_furnace":2,"minecraft:gold_ore":11,"minecraft:spider_eye":2,"ars_nouveau:wilden_horn":1,"minecraft:mossy_cobblestone":5,"duneons:elevator":1,"minecraft:sugar":2,"minecraft:diamond":2,"duneons:vangardpotion":1,"minecraft:crossbow":2,"minecraft:emerald":1,"iceandfire:gorgon_head":1,"minecraft:oak_sapling":4,"tombstone:magic_scroll":1,"minecraft:coal":105},"minecraft:killed":{"vampirism:vampire":2,"minecraft:witch":1,"iceandfire:gorgon":1,"minecraft:spider":1,"minecraft:skeleton":7,"ars_nouveau:summon_wolf":4,"minecraft:sheep":1,"minecraft:pillager":23,"minecraft:zombie":12,"ars_nouveau:wilden_stalker":1,"duneons:junglezombie":1,"ars_nouveau:wilden_hunter":3},"minecraft:used":{"minecraft:stone_sword":88,"minecraft:iron_sword":204,"minecraft:rotten_flesh":22,"minecraft:torch":2,"minecraft:dirt":14,"iceandfire:pixie_dust":1,"minecraft:iron_axe":2,"carryon:entity_item":1,"minecraft:rabbit_stew":1,"minecraft:furnace":1,"minecraft:iron_ore":2,"minecraft:stone_pickaxe":193,"minecraft:wooden_pickaxe":45,"minecraft:white_wool":1,"minecraft:golden_apple":1,"minecraft:crafting_table":5,"minecraft:blast_furnace":2,"minecraft:apple":2,"minecraft:bread":1,"minecraft:iron_pickaxe":189,"vampirism:church_altar":1,"minecraft:stone_axe":15,"minecraft:cobblestone":146,"minecraft:potion":1,"travelersbackpack:standard":2},"minecraft:broken":{"minecraft:iron_boots":1,"minecraft:iron_chestplate":1,"minecraft:iron_leggings":1,"minecraft:wooden_pickaxe":1,"minecraft:stone_pickaxe":1},"minecraft:crafted":{"minecraft:oak_planks":8,"minecraft:smooth_stone":3,"minecraft:furnace":1,"minecraft:blast_furnace":1,"minecraft:stone":3,"minecraft:iron_boots":1,"minecraft:iron_axe":1,"minecraft:stone_pickaxe":2,"minecraft:crafting_table":1,"minecraft:iron_sword":1,"minecraft:stone_axe":1,"minecraft:air":0,"minecraft:iron_chestplate":1,"minecraft:stick":8,"minecraft:iron_pickaxe":1,"minecraft:iron_ingot":68,"minecraft:stone_sword":1,"minecraft:iron_leggings":1,"minecraft:gold_ingot":15}},"DataVersion":2586}