{"stats":{"minecraft:custom":{"minecraft:interact_with_crafting_table":43,"goblintraders:trade_with_goblin":35,"minecraft:leave_game":5,"minecraft:time_since_death":91563,"minecraft:sprint_one_cm":735959,"minecraft:drop":167,"minecraft:talked_to_villager":3,"minecraft:deaths":19,"minecraft:jump":5097,"tombstone:kill_undead_boss":3,"minecraft:walk_on_water_one_cm":61733,"minecraft:interact_with_furnace":44,"minecraft:play_one_minute":330055,"minecraft:waystone_activated":2,"minecraft:damage_dealt":45270,"minecraft:player_kills":5,"minecraft:crouch_one_cm":5687,"tombstone:undead_killed":71,"minecraft:interact_with_smithing_table":5,"minecraft:interact_with_anvil":1,"minecraft:mob_kills":206,"minecraft:damage_dealt_resisted":252,"minecraft:climb_one_cm":8161,"minecraft:walk_one_cm":1019474,"minecraft:sneak_time":4800,"minecraft:walk_under_water_one_cm":15099,"minecraft:interact_with_blast_furnace":20,"tombstone:raider_killed":39,"minecraft:raid_trigger":1,"minecraft:time_since_rest":91277,"minecraft:damage_taken":2147483647,"minecraft:damage_absorbed":64,"minecraft:trigger_trapped_chest":2,"minecraft:minecart_one_cm":332,"minecraft:swim_one_cm":2014,"minecraft:fly_one_cm":1374959,"minecraft:open_chest":123,"minecraft:aviate_one_cm":16877,"minecraft:fall_one_cm":121646},"minecraft:used":{"minecraft:iron_shovel":161,"minecraft:chest":1,"minecraft:iron_sword":691,"minecraft:rotten_flesh":38,"minecraft:stripped_spruce_log":26,"duneons:moondagger":18,"minecraft:rabbit_stew":1,"iceandfire:chared_stone":9,"minecraft:oak_sapling":12,"minecraft:furnace":1,"minecraft:stone_pickaxe":193,"minecraft:wooden_pickaxe":45,"minecraft:white_wool":1,"minecraft:golden_apple":3,"duneons:strengthenironpickaxe":3,"minecraft:blast_furnace":2,"duneons:tripleaxe":50,"minecraft:bread":40,"iceandfire:chared_cobblestone":6,"minecraft:diamond_sword":29,"minecraft:smithing_table":1,"minecraft:bone_meal":4,"minecraft:experience_bottle":32,"minecraft:stone_sword":99,"duneons:goldgauntlet":2,"minecraft:oak_door":3,"minecraft:torch":6,"minecraft:dirt":272,"iceandfire:pixie_dust":1,"travelersbackpack:gold":10,"minecraft:iron_axe":261,"carryon:entity_item":1,"minecraft:cooked_beef":11,"minecraft:cooked_mutton":2,"minecraft:iron_ore":4,"minecraft:crafting_table":10,"minecraft:spruce_log":46,"minecraft:diamond_pickaxe":86,"minecraft:apple":2,"minecraft:iron_pickaxe":369,"minecraft:spruce_sapling":8,"vampirism:church_altar":1,"minecraft:stone_axe":165,"minecraft:cobblestone":149,"minecraft:potion":1,"travelersbackpack:standard":17,"minecraft:porkchop":1,"minecraft:glass_pane":1},"minecraft:crafted":{"minecraft:smooth_stone":3,"minecraft:oak_planks":24,"minecraft:stone":3,"minecraft:glass":12,"minecraft:iron_boots":3,"travelersbackpack:iron_tier_upgrade":2,"minecraft:crafting_table":4,"travelersbackpack:standard":3,"minecraft:iron_helmet":1,"minecraft:smithing_table":1,"minecraft:gold_block":29,"minecraft:iron_chestplate":3,"minecraft:stick":8,"minecraft:iron_pickaxe":2,"minecraft:iron_ingot":152,"minecraft:iron_block":27,"minecraft:stone_sword":1,"minecraft:gold_ingot":15,"iceandfire:armor_bronze_helmet":1,"minecraft:furnace":1,"minecraft:blast_furnace":1,"minecraft:bone_meal":666,"travelersbackpack:blank_upgrade":4,"travelersbackpack:gold_tier_upgrade":1,"minecraft:iron_axe":2,"travelersbackpack:gold":1,"minecraft:stone_pickaxe":2,"iceandfire:armor_bronze_chestplate":1,"travelersbackpack:diamond_tier_upgrade":1,"minecraft:wheat":351,"minecraft:bone_block":73,"iceandfire:armor_bronze_boots":1,"travelersbackpack:backpack_tank":2,"minecraft:iron_sword":1,"minecraft:stone_axe":3,"minecraft:air":0,"minecraft:bread":117,"minecraft:iron_leggings":3,"iceandfire:armor_bronze_leggings":1},"minecraft:broken":{"minecraft:diamond_helmet":2,"duneons:dark_armor_chestplate":1,"minecraft:iron_boots":4,"minecraft:iron_chestplate":3,"minecraft:iron_leggings":4,"minecraft:golden_leggings":1,"minecraft:stone_pickaxe":1,"minecraft:diamond_boots":1,"minecraft:stone_axe":1,"minecraft:iron_sword":2,"minecraft:golden_chestplate":1,"minecraft:wooden_pickaxe":1,"duneons:tripleaxe":1,"duneons:dark_armor_helmet":1,"minecraft:iron_axe":1,"minecraft:iron_pickaxe":1,"minecraft:iron_helmet":1},"minecraft:killed":{"vampirism:vampire":4,"minecraft:cave_spider":7,"minecraft:witch":1,"iceandfire:gorgon":1,"minecraft:spider":10,"minecraft:skeleton":21,"duneons:leaper":5,"minecraft:iron_golem":1,"minecraft:creeper":6,"duneons:cauldron_boss":1,"minecraft:sheep":1,"minecraft:pillager":31,"minecraft:zombie":29,"duneons:illagergeomancer":1,"duneons:junglezombie":1,"minecraft:stray":1,"duneons:zombievangruard":1,"duneons:jungle_abomination":2,"minecraft:vindicator":7,"minecraft:slime":18,"iceandfire:fire_dragon":1,"duneons:pigchest":1,"ars_nouveau:summon_wolf":5,"iceandfire:cyclops":1,"ars_nouveau:wilden_guardian":1,"duneons:vindicatorroyaleblue":1,"ars_nouveau:wilden_stalker":5,"duneons:wishperer":5,"ars_nouveau:wilden_hunter":6,"minecraft:wither_skeleton":4,"minecraft:enderman":2},"minecraft:picked_up":{"iceandfire:copper_ore":2,"duneons:leavesbigbamboo":1,"minecraft:oak_stairs":63,"minecraft:enchanted_book":2,"minecraft:stone_brick_stairs":2,"minecraft:string":28,"duneons:dark_armor_helmet":1,"ars_nouveau:mana_gem":11,"vampirism:obi_belt":1,"minecraft:gold_nugget":24,"minecraft:smooth_stone":2,"duneons:firepit":1,"duneons:strengthenironpickaxe":3,"minecraft:iron_pickaxe":1,"minecraft:furnace":1,"minecraft:tipped_arrow":1,"minecraft:golden_helmet":1,"minecraft:stick":23,"minecraft:oak_fence":17,"minecraft:torch":12,"minecraft:porkchop":1,"tombstone:grave_dust":12,"vampirism:amulet":2,"minecraft:golden_chestplate":1,"duneons:dark_armor_chestplate":1,"duneons:moondagger":1,"duneons:glove":1,"minecraft:stone_sword":1,"minecraft:rotten_flesh":51,"ars_nouveau:worn_notebook":1,"minecraft:white_terracotta":2,"minecraft:iron_bars":14,"minecraft:cobblestone":184,"minecraft:repeater":1,"minecraft:golden_leggings":1,"minecraft:potato":2,"iceandfire:dragonscales_bronze":48,"minecraft:lapis_lazuli":6,"minecraft:dirt":210,"tombstone:familiar_receptacle":2,"minecraft:glass":8,"minecraft:bone":55,"travelersbackpack:backpack_tank":2,"minecraft:bow":2,"minecraft:orange_tulip":1,"minecraft:wheat_seeds":6,"minecraft:mossy_stone_bricks":15,"travelersbackpack:gold":1,"minecraft:oak_planks":51,"minecraft:mossy_stone_brick_stairs":3,"duneons:goldgauntlet":1,"duneons:reddungeonsglass":2,"duneons:corrupted_beacon_a":1,"vampirism:ring":2,"minecraft:sand":50,"minecraft:stripped_spruce_log":26,"minecraft:nether_brick_stairs":2,"ars_nouveau:wilden_horn":4,"minecraft:mossy_cobblestone":13,"iceandfire:chared_cobblestone":6,"minecraft:polished_andesite":2,"minecraft:sugar":2,"tombstone:familiar_stone":1,"minecraft:light_blue_terracotta":1,"minecraft:diamond":28,"minecraft:crossbow":2,"minecraft:emerald":6,"iceandfire:gorgon_head":1,"minecraft:oak_sapling":16,"minecraft:crafting_table":7,"iceandfire:witherbone":5,"minecraft:clay_ball":10,"duneons:swamplog":1,"minecraft:wooden_pickaxe":3,"duneons:shield_johan":1,"duneons:sabrewing_bow":1,"minecraft:glass_pane":1,"minecraft:cracked_stone_bricks":2,"minecraft:poppy":5,"duneons:tripleaxe":1,"minecraft:chest":1,"iceandfire:dragonbone":33,"minecraft:oak_door":6,"minecraft:bowl":1,"minecraft:arrow":49,"minecraft:nether_bricks":2,"minecraft:diamond_boots":1,"minecraft:hay_block":39,"minecraft:pink_tulip":4,"duneons:vasedungeon":4,"minecraft:gold_ingot":124,"minecraft:bone_block":52,"minecraft:mutton":4,"minecraft:white_wool":3,"duneons:rainbowglass":1,"minecraft:leather":3,"minecraft:red_mushroom":2,"ars_nouveau:wilden_wing":2,"minecraft:oak_log":147,"minecraft:gunpowder":4,"tombstone:voodoo_poppet":2,"minecraft:white_banner":2,"tombstone:gift":4,"duneons:thepinkscoundrel":1,"vampirism:church_altar":1,"minecraft:apple":2,"minecraft:stone_bricks":26,"minecraft:iron_ingot":16,"minecraft:stone_pickaxe":1,"minecraft:iron_ore":176,"tombstone:bag_of_seeds":1,"duneons:swampfern":10,"iceandfire:fire_dragon_flesh":12,"minecraft:soul_sand":1,"iceandfire:chared_stone":74,"iceandfire:copper_nugget":10,"waystones:mossy_waystone":1,"minecraft:gravel":1,"minecraft:spruce_sapling":13,"minecraft:blast_furnace":2,"minecraft:spruce_log":91,"minecraft:gold_ore":11,"minecraft:spider_eye":10,"ars_nouveau:wilden_spike":1,"duneons:elevator":1,"minecraft:slime_ball":29,"duneons:vangardpotion":1,"minecraft:mossy_cobblestone_stairs":2,"tombstone:magic_scroll":3,"minecraft:coal":170,"minecraft:ender_pearl":7},"minecraft:mined":{"duneons:swampfern":14,"minecraft:grass_block":158,"duneons:bamboobiggrass":7,"minecraft:chiseled_stone_bricks":1,"minecraft:spawner":40,"minecraft:mossy_cobblestone_stairs":2,"minecraft:iron_ore":131,"minecraft:fire":2,"minecraft:nether_brick_stairs":2,"minecraft:oak_stairs":70,"minecraft:iron_bars":10,"minecraft:pink_tulip":4,"vampirism:church_altar":1,"duneons:leavesbigbamboo":1,"iceandfire:chared_cobblestone":14,"duneons:vasedungeon":2,"minecraft:soul_fire":1,"minecraft:clay":1,"minecraft:torch":1,"minecraft:blast_furnace":2,"duneons:bamboograss":12,"minecraft:cobblestone":53,"minecraft:oak_planks":57,"minecraft:wall_torch":1,"minecraft:white_terracotta":2,"minecraft:light_blue_terracotta":1,"minecraft:repeater":1,"minecraft:orange_tulip":1,"minecraft:stone_brick_stairs":1,"minecraft:grass":12,"minecraft:oak_log":148,"minecraft:sand":50,"minecraft:dirt":11,"travelersbackpack:gold":1,"minecraft:netherrack":1,"minecraft:oak_leaves":7,"duneons:tombstone":1,"iceandfire:chared_stone":16,"minecraft:diamond_ore":15,"duneons:bluevangardvase":1,"minecraft:mossy_cobblestone":12,"minecraft:oak_door":6,"minecraft:spruce_leaves":2,"minecraft:hay_block":39,"duneons:bambootall":45,"minecraft:furnace":1,"minecraft:stripped_spruce_log":26,"minecraft:mossy_stone_brick_stairs":2,"duneons:swamplog":1,"duneons:mossendirt":1,"duneons:pattern":1,"duneons:cobwebdig":1,"minecraft:vine":2,"duneons:loot_biggrey":1,"minecraft:stone":127,"minecraft:bone_block":52,"minecraft:white_wool":1,"duneons:soggyswamobricks":5,"minecraft:glass_pane":9,"minecraft:oak_fence":17,"minecraft:crafting_table":6,"duneons:coarsedirt_2":1,"minecraft:spruce_log":91,"minecraft:grass_path":1,"minecraft:coal_ore":103,"minecraft:pink_stained_glass_pane":2,"minecraft:cracked_stone_bricks":5,"minecraft:polished_andesite":5,"minecraft:stone_bricks":22,"ars_nouveau:arcane_ore":11,"minecraft:mossy_stone_bricks":14,"minecraft:gold_ore":10},"minecraft:killed_by":{"iceandfire:cyclops":1,"duneons:poisonquillvine":1,"minecraft:creeper":2,"duneons:leaper":1,"minecraft:vindicator":1,"ars_nouveau:wilden_hunter":2,"minecraft:zombie":1,"duneons:wishperer":3,"minecraft:iron_golem":1,"iceandfire:gorgon":3,"minecraft:skeleton":1},"minecraft:dropped":{"iceandfire:chared_stone":65,"minecraft:nether_brick_stairs":2,"minecraft:gold_ore":1,"duneons:vasedungeon":4,"minecraft:soul_sand":1,"minecraft:lapis_lazuli":6,"minecraft:glass_bottle":1,"minecraft:orange_tulip":1,"minecraft:crossbow":2,"minecraft:leather":3,"minecraft:mossy_stone_brick_stairs":1,"minecraft:red_mushroom":2,"duneons:strengthenironpickaxe":4,"minecraft:dirt":22,"tombstone:bag_of_seeds":1,"minecraft:gold_nugget":24,"minecraft:sand":26,"minecraft:sugar":2,"minecraft:iron_pickaxe":3,"duneons:candle_3":1,"duneons:reddungeonsglass":2,"travelersbackpack:backpack_tank":2,"minecraft:white_wool":18,"ars_nouveau:wilden_horn":3,"minecraft:gold_ingot":3,"minecraft:gravel":1,"minecraft:stone_axe":1,"duneons:firepit":1,"ars_nouveau:wilden_spike":1,"tombstone:gift":9,"minecraft:rotten_flesh":6,"iceandfire:copper_ore":2,"duneons:vangardpotion":3,"minecraft:poppy":5,"minecraft:tipped_arrow":1,"minecraft:chest":1,"duneons:shield_johan":1,"minecraft:iron_bars":14,"minecraft:arrow":2,"minecraft:stone_brick_stairs":1,"minecraft:wheat_seeds":6,"minecraft:golden_helmet":1,"duneons:goldgauntlet":1,"minecraft:mossy_cobblestone":9,"minecraft:iron_helmet":1,"minecraft:cobblestone":2,"vampirism:amulet":2,"minecraft:coal":1,"minecraft:polished_andesite":2,"origins:orb_of_origin":1,"iceandfire:copper_nugget":10,"minecraft:torch":5,"tombstone:grave_dust":12,"minecraft:iron_leggings":1,"minecraft:oak_stairs":6,"duneons:rainbowgrass":1,"minecraft:white_banner":2,"minecraft:iron_axe":1,"minecraft:smooth_stone":2,"vampirism:ring":2,"minecraft:pink_tulip":4,"ars_nouveau:wilden_wing":2,"iceandfire:dragonscales_bronze":24,"duneons:moondagger":1,"iceandfire:dragonbone":33,"duneons:swampfern":10,"minecraft:stone_sword":2,"minecraft:bowl":3,"duneons:keygold":1,"vampirism:obi_belt":1,"iceandfire:witherbone":5,"minecraft:clay_ball":14,"minecraft:white_terracotta":2,"duneons:glove":2,"minecraft:nether_bricks":2,"duneons:leavesbigbamboo":1,"duneons:swamplog":1,"minecraft:diamond_pickaxe":1,"minecraft:mossy_stone_bricks":5,"minecraft:oak_sapling":4,"minecraft:spider_eye":10,"minecraft:stone_bricks":14,"minecraft:diamond_boots":1,"minecraft:slime_ball":29,"minecraft:bow":2,"minecraft:stone_pickaxe":2,"minecraft:wooden_pickaxe":2,"minecraft:light_blue_terracotta":1}},"DataVersion":2586}