{"stats":{"minecraft:killed_by":{"iceandfire:cyclops":1,"duneons:poisonquillvine":1,"minecraft:creeper":2,"duneons:leaper":1,"minecraft:vindicator":1,"ars_nouveau:wilden_hunter":2,"minecraft:zombie":1,"duneons:wishperer":3,"minecraft:iron_golem":1,"iceandfire:gorgon":3,"minecraft:skeleton":1},"minecraft:custom":{"minecraft:interact_with_crafting_table":25,"goblintraders:trade_with_goblin":35,"minecraft:leave_game":3,"minecraft:time_since_death":6632,"minecraft:sprint_one_cm":516393,"minecraft:drop":142,"minecraft:talked_to_villager":3,"minecraft:deaths":19,"minecraft:jump":3433,"tombstone:kill_undead_boss":3,"minecraft:walk_on_water_one_cm":53767,"minecraft:interact_with_furnace":13,"minecraft:play_one_minute":245124,"minecraft:waystone_activated":2,"minecraft:damage_dealt":44154,"minecraft:player_kills":4,"minecraft:crouch_one_cm":3339,"tombstone:undead_killed":71,"minecraft:interact_with_smithing_table":1,"minecraft:mob_kills":201,"minecraft:damage_dealt_resisted":252,"minecraft:climb_one_cm":8161,"minecraft:walk_one_cm":723217,"minecraft:sneak_time":3975,"minecraft:walk_under_water_one_cm":7025,"minecraft:interact_with_blast_furnace":20,"tombstone:raider_killed":39,"minecraft:raid_trigger":1,"minecraft:time_since_rest":6346,"minecraft:damage_taken":2147483647,"minecraft:damage_absorbed":64,"minecraft:trigger_trapped_chest":2,"minecraft:minecart_one_cm":332,"minecraft:swim_one_cm":2014,"minecraft:fly_one_cm":962344,"minecraft:open_chest":113,"minecraft:aviate_one_cm":16877,"minecraft:fall_one_cm":79116},"minecraft:dropped":{"iceandfire:chared_stone":12,"minecraft:gold_ore":1,"duneons:vasedungeon":4,"minecraft:soul_sand":1,"minecraft:lapis_lazuli":6,"minecraft:glass_bottle":1,"minecraft:crossbow":2,"minecraft:leather":3,"minecraft:mossy_stone_brick_stairs":1,"minecraft:red_mushroom":2,"duneons:strengthenironpickaxe":4,"minecraft:dirt":22,"tombstone:bag_of_seeds":1,"minecraft:gold_nugget":24,"minecraft:sugar":2,"minecraft:iron_pickaxe":3,"duneons:candle_3":1,"duneons:reddungeonsglass":2,"travelersbackpack:backpack_tank":2,"ars_nouveau:wilden_horn":3,"minecraft:white_wool":18,"minecraft:gravel":1,"minecraft:stone_axe":1,"duneons:firepit":1,"ars_nouveau:wilden_spike":1,"tombstone:gift":9,"minecraft:rotten_flesh":3,"iceandfire:copper_ore":2,"duneons:vangardpotion":3,"minecraft:poppy":5,"minecraft:tipped_arrow":1,"minecraft:chest":1,"minecraft:iron_bars":14,"minecraft:arrow":2,"minecraft:stone_brick_stairs":1,"minecraft:golden_helmet":1,"duneons:goldgauntlet":1,"minecraft:mossy_cobblestone":6,"minecraft:iron_helmet":1,"minecraft:coal":1,"minecraft:polished_andesite":2,"origins:orb_of_origin":1,"iceandfire:copper_nugget":10,"minecraft:torch":5,"tombstone:grave_dust":12,"minecraft:iron_leggings":1,"minecraft:oak_stairs":6,"duneons:rainbowgrass":1,"minecraft:white_banner":2,"minecraft:iron_axe":1,"minecraft:smooth_stone":2,"ars_nouveau:wilden_wing":2,"duneons:moondagger":1,"duneons:swampfern":10,"minecraft:stone_sword":2,"minecraft:bowl":3,"iceandfire:witherbone":5,"minecraft:clay_ball":14,"minecraft:white_terracotta":2,"duneons:glove":2,"minecraft:nether_bricks":2,"duneons:leavesbigbamboo":1,"duneons:swamplog":1,"minecraft:diamond_pickaxe":1,"minecraft:mossy_stone_bricks":5,"minecraft:oak_sapling":4,"minecraft:stone_bricks":14,"minecraft:spider_eye":9,"minecraft:diamond_boots":1,"minecraft:slime_ball":29,"minecraft:bow":2,"minecraft:stone_pickaxe":2,"minecraft:wooden_pickaxe":2,"minecraft:light_blue_terracotta":1},"minecraft:mined":{"duneons:swampfern":14,"minecraft:grass_block":5,"duneons:bamboobiggrass":7,"minecraft:chiseled_stone_bricks":1,"minecraft:spawner":39,"minecraft:mossy_cobblestone_stairs":2,"minecraft:iron_ore":131,"minecraft:fire":2,"minecraft:nether_brick_stairs":2,"minecraft:iron_bars":10,"vampirism:church_altar":1,"duneons:leavesbigbamboo":1,"iceandfire:chared_cobblestone":14,"duneons:vasedungeon":2,"minecraft:soul_fire":1,"minecraft:clay":1,"minecraft:torch":1,"minecraft:blast_furnace":2,"duneons:bamboograss":12,"minecraft:cobblestone":16,"minecraft:white_terracotta":2,"minecraft:light_blue_terracotta":1,"minecraft:repeater":1,"minecraft:stone_brick_stairs":1,"minecraft:grass":1,"minecraft:oak_log":27,"minecraft:dirt":3,"minecraft:netherrack":1,"minecraft:oak_leaves":3,"iceandfire:chared_stone":16,"duneons:tombstone":1,"minecraft:diamond_ore":15,"duneons:bluevangardvase":1,"minecraft:mossy_cobblestone":9,"minecraft:hay_block":39,"duneons:bambootall":45,"minecraft:furnace":1,"minecraft:mossy_stone_brick_stairs":2,"duneons:swamplog":1,"duneons:pattern":1,"duneons:cobwebdig":1,"minecraft:vine":2,"duneons:loot_biggrey":1,"minecraft:stone":127,"minecraft:bone_block":52,"minecraft:white_wool":1,"duneons:soggyswamobricks":5,"minecraft:crafting_table":5,"duneons:coarsedirt_2":1,"minecraft:coal_ore":103,"minecraft:pink_stained_glass_pane":2,"minecraft:cracked_stone_bricks":5,"minecraft:polished_andesite":5,"minecraft:stone_bricks":10,"ars_nouveau:arcane_ore":11,"minecraft:mossy_stone_bricks":14,"minecraft:gold_ore":10},"minecraft:picked_up":{"duneons:leavesbigbamboo":1,"iceandfire:copper_ore":2,"minecraft:oak_stairs":6,"minecraft:enchanted_book":2,"minecraft:stone_brick_stairs":2,"minecraft:string":27,"duneons:dark_armor_helmet":1,"ars_nouveau:mana_gem":11,"minecraft:gold_nugget":24,"minecraft:smooth_stone":2,"duneons:firepit":1,"duneons:strengthenironpickaxe":3,"minecraft:iron_pickaxe":1,"minecraft:furnace":1,"minecraft:tipped_arrow":1,"minecraft:golden_helmet":1,"minecraft:stick":8,"minecraft:torch":3,"minecraft:porkchop":1,"tombstone:grave_dust":12,"minecraft:golden_chestplate":1,"duneons:dark_armor_chestplate":1,"duneons:moondagger":1,"duneons:glove":1,"minecraft:stone_sword":1,"minecraft:rotten_flesh":46,"ars_nouveau:worn_notebook":1,"minecraft:white_terracotta":2,"minecraft:iron_bars":14,"minecraft:cobblestone":145,"minecraft:repeater":1,"minecraft:golden_leggings":1,"minecraft:potato":2,"minecraft:lapis_lazuli":6,"minecraft:dirt":36,"tombstone:familiar_receptacle":2,"minecraft:glass":8,"minecraft:bone":53,"travelersbackpack:backpack_tank":2,"minecraft:bow":2,"minecraft:mossy_stone_bricks":15,"minecraft:mossy_stone_brick_stairs":3,"duneons:goldgauntlet":1,"duneons:reddungeonsglass":2,"duneons:corrupted_beacon_a":1,"ars_nouveau:wilden_horn":4,"minecraft:mossy_cobblestone":10,"iceandfire:chared_cobblestone":6,"minecraft:polished_andesite":2,"minecraft:sugar":2,"tombstone:familiar_stone":1,"minecraft:light_blue_terracotta":1,"minecraft:diamond":28,"minecraft:crossbow":2,"minecraft:emerald":6,"iceandfire:gorgon_head":1,"minecraft:oak_sapling":4,"minecraft:crafting_table":6,"iceandfire:witherbone":5,"minecraft:clay_ball":10,"duneons:swamplog":1,"minecraft:wooden_pickaxe":3,"duneons:shield_johan":1,"duneons:sabrewing_bow":1,"minecraft:cracked_stone_bricks":2,"minecraft:poppy":5,"duneons:tripleaxe":1,"minecraft:chest":1,"minecraft:bowl":1,"minecraft:arrow":48,"minecraft:nether_bricks":2,"minecraft:diamond_boots":1,"minecraft:hay_block":39,"duneons:vasedungeon":4,"minecraft:gold_ingot":121,"minecraft:mutton":4,"minecraft:white_wool":3,"minecraft:bone_block":52,"duneons:rainbowglass":1,"minecraft:leather":3,"minecraft:red_mushroom":2,"ars_nouveau:wilden_wing":2,"minecraft:oak_log":27,"minecraft:gunpowder":2,"tombstone:voodoo_poppet":2,"minecraft:white_banner":2,"tombstone:gift":4,"duneons:thepinkscoundrel":1,"vampirism:church_altar":1,"minecraft:apple":2,"minecraft:stone_bricks":14,"minecraft:iron_ingot":15,"minecraft:stone_pickaxe":1,"minecraft:iron_ore":176,"tombstone:bag_of_seeds":1,"duneons:swampfern":10,"minecraft:soul_sand":1,"iceandfire:chared_stone":21,"iceandfire:copper_nugget":10,"waystones:mossy_waystone":1,"minecraft:gravel":1,"minecraft:blast_furnace":2,"minecraft:gold_ore":11,"minecraft:spider_eye":9,"ars_nouveau:wilden_spike":1,"duneons:elevator":1,"minecraft:slime_ball":29,"duneons:vangardpotion":1,"minecraft:mossy_cobblestone_stairs":2,"tombstone:magic_scroll":3,"minecraft:coal":170,"minecraft:ender_pearl":7},"minecraft:killed":{"vampirism:vampire":4,"minecraft:cave_spider":7,"minecraft:witch":1,"iceandfire:gorgon":1,"minecraft:spider":8,"minecraft:skeleton":21,"duneons:leaper":5,"minecraft:iron_golem":1,"minecraft:creeper":5,"duneons:cauldron_boss":1,"minecraft:sheep":1,"minecraft:pillager":31,"minecraft:zombie":29,"duneons:illagergeomancer":1,"duneons:junglezombie":1,"minecraft:stray":1,"duneons:zombievangruard":1,"duneons:jungle_abomination":2,"minecraft:vindicator":7,"minecraft:slime":18,"duneons:pigchest":1,"ars_nouveau:summon_wolf":5,"iceandfire:cyclops":1,"ars_nouveau:wilden_guardian":1,"duneons:vindicatorroyaleblue":1,"ars_nouveau:wilden_stalker":5,"ars_nouveau:wilden_hunter":6,"duneons:wishperer":5,"minecraft:wither_skeleton":4,"minecraft:enderman":2},"minecraft:used":{"minecraft:chest":1,"minecraft:iron_sword":691,"minecraft:rotten_flesh":36,"duneons:moondagger":18,"minecraft:rabbit_stew":1,"iceandfire:chared_stone":9,"minecraft:furnace":1,"minecraft:stone_pickaxe":193,"minecraft:wooden_pickaxe":45,"minecraft:white_wool":1,"minecraft:golden_apple":3,"duneons:strengthenironpickaxe":3,"minecraft:blast_furnace":2,"duneons:tripleaxe":50,"minecraft:bread":22,"iceandfire:chared_cobblestone":6,"minecraft:diamond_sword":8,"minecraft:smithing_table":1,"minecraft:experience_bottle":32,"minecraft:stone_sword":99,"duneons:goldgauntlet":2,"minecraft:torch":4,"minecraft:dirt":14,"iceandfire:pixie_dust":1,"travelersbackpack:gold":6,"minecraft:iron_axe":9,"carryon:entity_item":1,"minecraft:cooked_beef":5,"minecraft:cooked_mutton":2,"minecraft:iron_ore":4,"minecraft:crafting_table":9,"minecraft:diamond_pickaxe":33,"minecraft:apple":2,"minecraft:iron_pickaxe":369,"vampirism:church_altar":1,"minecraft:stone_axe":15,"minecraft:cobblestone":149,"minecraft:potion":1,"travelersbackpack:standard":14,"minecraft:porkchop":1},"minecraft:broken":{"minecraft:diamond_helmet":1,"duneons:dark_armor_chestplate":1,"minecraft:iron_boots":4,"minecraft:iron_chestplate":3,"minecraft:iron_leggings":4,"minecraft:golden_leggings":1,"minecraft:stone_pickaxe":1,"minecraft:diamond_boots":1,"minecraft:iron_sword":2,"minecraft:golden_chestplate":1,"minecraft:wooden_pickaxe":1,"duneons:tripleaxe":1,"duneons:dark_armor_helmet":1,"minecraft:iron_pickaxe":1,"minecraft:iron_helmet":1},"minecraft:crafted":{"minecraft:smooth_stone":3,"minecraft:oak_planks":24,"minecraft:stone":3,"minecraft:iron_boots":3,"travelersbackpack:iron_tier_upgrade":1,"minecraft:crafting_table":4,"travelersbackpack:standard":2,"minecraft:iron_helmet":1,"minecraft:smithing_table":1,"minecraft:iron_chestplate":3,"minecraft:stick":8,"minecraft:iron_pickaxe":2,"minecraft:iron_ingot":128,"minecraft:stone_sword":1,"minecraft:gold_ingot":15,"minecraft:furnace":1,"minecraft:blast_furnace":1,"travelersbackpack:blank_upgrade":4,"travelersbackpack:gold_tier_upgrade":1,"minecraft:iron_axe":1,"minecraft:stone_pickaxe":2,"minecraft:wheat":270,"minecraft:iron_sword":1,"minecraft:stone_axe":1,"minecraft:bread":90,"minecraft:air":0,"minecraft:iron_leggings":3}},"DataVersion":2586}