{"stats":{"minecraft:custom":{"minecraft:mob_kills":46,"minecraft:interact_with_crafting_table":21,"minecraft:open_barrel":3,"minecraft:leave_game":3,"minecraft:time_since_death":26059,"minecraft:climb_one_cm":76,"minecraft:sprint_one_cm":242599,"minecraft:walk_one_cm":146127,"minecraft:drop":81,"minecraft:talked_to_villager":1,"minecraft:deaths":7,"minecraft:sneak_time":782,"minecraft:walk_under_water_one_cm":754,"minecraft:jump":1999,"minecraft:walk_on_water_one_cm":5156,"minecraft:play_one_minute":68111,"minecraft:sleep_in_bed":1,"minecraft:time_since_rest":25746,"minecraft:damage_taken":2507,"minecraft:damage_dealt":7962,"minecraft:swim_one_cm":5107,"minecraft:fly_one_cm":508473,"minecraft:open_chest":7,"minecraft:crouch_one_cm":766,"tombstone:undead_killed":7,"minecraft:interact_with_smoker":18,"minecraft:fall_one_cm":50462},"minecraft:used":{"minecraft:spruce_planks":12,"minecraft:shield":6,"minecraft:rotten_flesh":2,"minecraft:torch":41,"minecraft:dirt":6,"duneons:vila":36,"minecraft:iron_axe":49,"minecraft:bow":30,"minecraft:oak_sapling":2,"tombstone:gift":2,"minecraft:cooked_beef":7,"minecraft:cooked_mutton":9,"minecraft:oak_planks":9,"minecraft:wooden_pickaxe":5,"minecraft:white_wool":2,"minecraft:crafting_table":9,"minecraft:white_bed":2,"minecraft:smoker":3,"minecraft:apple":1,"duneons:claymoreblue":15,"minecraft:brown_wool":1,"minecraft:iron_pickaxe":53,"minecraft:stone_axe":85,"duneons:poleaxe":5},"minecraft:crafted":{"minecraft:oak_planks":52,"iceandfire:armor_blue_helmet":1,"iceandfire:armor_blue_chestplate":1,"minecraft:furnace":1,"minecraft:light_gray_wool":2,"minecraft:cooked_mutton":9,"minecraft:iron_boots":1,"minecraft:iron_axe":1,"minecraft:smoker":1,"minecraft:wheat":27,"minecraft:cooked_beef":18,"minecraft:cooked_porkchop":16,"minecraft:crafting_table":2,"minecraft:spruce_planks":20,"minecraft:wooden_pickaxe":1,"minecraft:stone_axe":1,"minecraft:bread":9,"minecraft:air":0,"minecraft:shield":1,"minecraft:stick":28,"minecraft:iron_pickaxe":1,"minecraft:iron_leggings":1,"minecraft:light_gray_dye":3,"minecraft:white_bed":1,"minecraft:torch":72},"minecraft:broken":{"minecraft:stone_axe":1},"minecraft:killed":{"duneons:zombievangruard":1,"minecraft:spider":2,"minecraft:skeleton":1,"minecraft:pig":16,"minecraft:iron_golem":2,"minecraft:sheep":6,"minecraft:zombie":5,"ars_nouveau:wilden_stalker":1,"iceandfire:ice_dragon":1,"minecraft:cow":11},"minecraft:picked_up":{"minecraft:crafting_table":7,"minecraft:azure_bluet":3,"minecraft:packed_ice":10,"duneons:shield_johan":2,"minecraft:enchanted_book":4,"iceandfire:frozen_cobblestone":1,"minecraft:knowledge_book":8,"iceandfire:armor_silver_metal_chestplate":1,"iceandfire:manuscript":5,"minecraft:spruce_planks":12,"minecraft:beef":35,"minecraft:poppy":2,"iceandfire:frozen_gravel":7,"iceandfire:ice_dragon_heart":1,"iceandfire:dragonbone":12,"minecraft:torch":40,"minecraft:porkchop":49,"iceandfire:dragon_skull_ice":3,"iceandfire:armor_silver_metal_boots":1,"iceandfire:silver_ingot":4,"minecraft:arrow":2,"minecraft:rotten_flesh":2,"ars_nouveau:worn_notebook":2,"minecraft:hay_block":32,"minecraft:cobblestone":12,"minecraft:mutton":9,"duneons:statue":1,"minecraft:white_wool":9,"iceandfire:sapphire_gem":7,"minecraft:cooked_beef":3,"minecraft:leather":7,"minecraft:brown_wool":1,"duneons:claymoreblue":1,"minecraft:smoker":3,"minecraft:oak_log":13,"iceandfire:dragonscales_blue":14,"minecraft:dirt":6,"duneons:creepertotem":5,"tombstone:gift":2,"duneons:goldenspear":1,"minecraft:bone":1,"minecraft:apple":1,"minecraft:stone_bricks":1,"minecraft:bow":1,"minecraft:iron_ingot":18,"minecraft:mossy_stone_bricks":1,"duneons:brikercolon":1,"minecraft:oak_planks":25,"minecraft:book":12,"minecraft:chiseled_stone_bricks":1,"minecraft:spruce_sapling":3,"minecraft:spruce_log":9,"minecraft:white_bed":2,"duneons:poleaxe":1,"duneons:golemtotem":1,"iceandfire:silver_sword":2,"waystones:waystone":2,"duneons:vangardpotion":2,"iceandfire:ice_dragon_flesh":4,"minecraft:emerald":4,"minecraft:oak_sapling":2,"minecraft:coal":51,"iceandfire:silver_nugget":12,"minecraft:ender_pearl":1},"minecraft:killed_by":{"iceandfire:ice_dragon":7},"minecraft:mined":{"minecraft:spruce_planks":5,"minecraft:white_bed":2,"duneons:dungeoncactus":1,"minecraft:grass_block":2,"minecraft:spruce_leaves":3,"duneons:stoneworld":8,"minecraft:chiseled_stone_bricks":1,"minecraft:spawner":1,"minecraft:hay_block":32,"duneons:creepertotem":5,"farmersdelight:wild_onions":1,"minecraft:azure_bluet":3,"minecraft:bookshelf":4,"duneons:loot_biggrey":4,"minecraft:stone":4,"minecraft:white_wool":2,"duneons:statue":1,"minecraft:smoker":3,"duneons:bookshelfvangard":4,"duneons:shield_johan":1,"minecraft:crafting_table":7,"iceandfire:dragon_ice_spikes":2,"duneons:brikercolon":1,"minecraft:tall_grass":2,"minecraft:oak_planks":5,"duneons:bookshelfdun":4,"minecraft:spruce_log":7,"minecraft:grass":7,"minecraft:coal_ore":24,"minecraft:oak_log":13,"minecraft:dirt":4,"minecraft:stone_bricks":1,"minecraft:mossy_stone_bricks":1,"minecraft:oak_leaves":7},"minecraft:dropped":{"minecraft:enchanted_book":4,"duneons:goldenspear":1,"minecraft:cooked_beef":1,"minecraft:knowledge_book":8,"duneons:brikercolon":1,"iceandfire:frozen_gravel":7,"duneons:statue":1,"minecraft:coal":4,"ars_nouveau:worn_notebook":1,"duneons:poleaxe":1,"minecraft:packed_ice":5,"minecraft:torch":1,"iceandfire:silver_sword":2,"iceandfire:armor_silver_metal_leggings":1,"duneons:creepertotem":5,"iceandfire:armor_silver_metal_chestplate":3,"tombstone:grave_dust":2,"minecraft:white_wool":2,"minecraft:redstone":2,"minecraft:spruce_sapling":3,"iceandfire:frozen_cobblestone":1,"minecraft:bone":15,"iceandfire:silver_nugget":12,"minecraft:light_gray_wool":2,"iceandfire:dragon_skull_ice":1,"duneons:vila":1,"minecraft:chiseled_stone_bricks":1,"iceandfire:sapphire_gem":1,"duneons:claymoreblue":1,"iceandfire:armor_silver_metal_boots":2,"minecraft:spruce_planks":2,"minecraft:mossy_stone_bricks":1,"iceandfire:silver_ingot":4,"duneons:shield_johan":2,"minecraft:stone_bricks":1,"minecraft:light_gray_dye":1,"minecraft:bow":1}},"DataVersion":2586}