{"stats":{"minecraft:killed_by":{"minecraft:player":2,"minecraft:slime":1,"duneons:cauldron_boss":2},"minecraft:dropped":{"minecraft:wheat_seeds":4,"minecraft:mossy_cobblestone":3,"duneons:corruptedbeaconspookyte":1,"duneons:purplevangardpotion":1,"minecraft:crossbow":1,"minecraft:oak_fence":1,"minecraft:rotten_flesh":2,"minecraft:spruce_fence":4,"duneons:vangardpotion":1,"minecraft:dirt":4,"minecraft:potato":2,"minecraft:gunpowder":4,"duneons:swampdirt":8,"duneons:minerarmor_chestplate":1,"duneons:swamplog":3,"minecraft:torch":1,"minecraft:mutton":1,"minecraft:ladder":2,"tombstone:grave_dust":1,"duneons:wood_stronghold":10,"minecraft:sugar":2,"minecraft:string":2,"duneons:fancyfence":1,"duneons:swampfern":48},"minecraft:custom":{"minecraft:interact_with_furnace":2,"minecraft:mob_kills":46,"tombstone:raider_killed":2,"minecraft:interact_with_crafting_table":11,"minecraft:open_barrel":2,"minecraft:play_one_minute":74521,"minecraft:leave_game":3,"minecraft:time_since_death":462,"minecraft:damage_resisted":115,"minecraft:climb_one_cm":5995,"minecraft:time_since_rest":36,"minecraft:sprint_one_cm":151322,"minecraft:damage_taken":4836,"minecraft:walk_one_cm":175914,"minecraft:drop":35,"minecraft:damage_dealt":8752,"minecraft:talked_to_villager":1,"minecraft:damage_dealt_absorbed":4,"minecraft:swim_one_cm":13470,"minecraft:fly_one_cm":270301,"minecraft:open_chest":18,"minecraft:crouch_one_cm":270,"tombstone:undead_killed":5,"minecraft:deaths":6,"minecraft:sneak_time":489,"minecraft:walk_under_water_one_cm":3647,"minecraft:jump":1258,"minecraft:walk_on_water_one_cm":12301,"minecraft:fall_one_cm":41249},"minecraft:mined":{"iceandfire:pixie_jar_empty":1,"duneons:swampdirt":12,"duneons:soggyswamobricks":6,"duneons:swampgrassside":4,"minecraft:spruce_planks":5,"minecraft:mossy_cobblestone":3,"minecraft:smoker":1,"vampirism:tent_main":1,"minecraft:oak_fence":2,"minecraft:crafting_table":4,"duneons:swampfern":15,"minecraft:grass_block":1,"minecraft:spruce_fence":6,"minecraft:redstone_wire":1,"minecraft:glass":1,"minecraft:tall_grass":1,"duneons:fancyfence":1,"minecraft:cobblestone":7,"minecraft:oak_planks":15,"minecraft:spawner":1,"duneons:bambootall":1,"minecraft:furnace":1,"duneons:wood_stronghold":24,"minecraft:smooth_stone_slab":2,"minecraft:grass":4,"duneons:swamplog":4,"minecraft:oak_log":15,"minecraft:vine":1,"minecraft:stone":22,"minecraft:oak_leaves":9},"minecraft:picked_up":{"duneons:soggyswamobricks":6,"minecraft:crafting_table":4,"minecraft:cooked_beef":6,"vampirism:item_tent":1,"minecraft:ladder":2,"duneons:swamplog":4,"minecraft:smoker":1,"minecraft:potion":1,"duneons:swampdirt":8,"minecraft:oak_log":15,"minecraft:gunpowder":4,"minecraft:string":3,"minecraft:dirt":5,"duneons:fancyfence":1,"minecraft:bone":2,"minecraft:apple":1,"iceandfire:pixie_jar_empty":1,"minecraft:wheat_seeds":4,"minecraft:spruce_planks":8,"minecraft:iron_ingot":49,"duneons:swampfern":50,"duneons:evokerdisctwo":1,"minecraft:glowstone_dust":1,"minecraft:oak_planks":15,"minecraft:furnace":2,"minecraft:oak_fence":2,"minecraft:torch":1,"minecraft:spruce_fence":6,"tombstone:grave_dust":3,"origins:orb_of_origin":1,"minecraft:redstone":1,"minecraft:mossy_cobblestone":3,"minecraft:spider_eye":1,"duneons:wood_stronghold":23,"minecraft:rotten_flesh":2,"minecraft:sugar":2,"minecraft:slime_ball":10,"ars_nouveau:worn_notebook":1,"duneons:vangardpotion":3,"minecraft:crossbow":2,"minecraft:oak_sapling":1,"minecraft:mutton":4,"minecraft:white_wool":3,"minecraft:cobblestone":40},"minecraft:killed":{"minecraft:witch":2,"minecraft:spider":3,"minecraft:slime":28,"minecraft:sheep":3,"minecraft:skeleton":1,"minecraft:zombie":4,"ars_nouveau:wilden_stalker":5},"minecraft:used":{"minecraft:cooked_mutton":3,"duneons:swamplog":1,"minecraft:stone_pickaxe":19,"minecraft:stone_shovel":16,"minecraft:oak_planks":52,"minecraft:spruce_planks":3,"minecraft:wooden_pickaxe":32,"minecraft:cooked_chicken":2,"minecraft:crafting_table":5,"duneons:wood_stronghold":12,"minecraft:wooden_axe":53,"duneons:claymoreblue":64,"minecraft:stone_axe":107,"minecraft:cobblestone":6,"minecraft:furnace":1,"tombstone:gift":1,"duneons:soggyswamobricks":6,"minecraft:cooked_beef":6,"minecraft:potato":6,"minecraft:splash_potion":1},"minecraft:broken":{"duneons:full_plate_spooky_chestplate":1,"minecraft:stone_axe":1,"duneons:full_plate_spooky_helmet":1},"minecraft:crafted":{"minecraft:oak_planks":60,"minecraft:stone_shovel":1,"minecraft:crafting_table":1,"minecraft:wooden_pickaxe":1,"minecraft:furnace":1,"minecraft:stone_axe":2,"minecraft:cooked_mutton":3,"minecraft:air":0,"minecraft:stick":16,"minecraft:stone_pickaxe":1,"minecraft:wooden_axe":1}},"DataVersion":2586}