{"stats":{"minecraft:killed_by":{"minecraft:player":1},"minecraft:dropped":{"minecraft:wheat_seeds":2,"minecraft:mossy_cobblestone":3,"duneons:corruptedbeaconspookyte":1,"minecraft:crossbow":1,"minecraft:oak_fence":1,"minecraft:spruce_fence":4,"duneons:vangardpotion":1,"minecraft:dirt":4,"duneons:swampdirt":8,"duneons:minerarmor_chestplate":1,"duneons:swamplog":3,"minecraft:torch":1,"minecraft:ladder":2,"duneons:wood_stronghold":10,"minecraft:string":2,"duneons:fancyfence":1,"duneons:swampfern":43},"minecraft:custom":{"minecraft:interact_with_furnace":2,"minecraft:mob_kills":15,"tombstone:raider_killed":2,"minecraft:interact_with_crafting_table":8,"minecraft:play_one_minute":38521,"minecraft:leave_game":3,"minecraft:time_since_death":33472,"minecraft:climb_one_cm":3371,"minecraft:time_since_rest":31073,"minecraft:sprint_one_cm":68410,"minecraft:damage_taken":1193,"minecraft:walk_one_cm":81823,"minecraft:drop":19,"minecraft:damage_dealt":3142,"minecraft:damage_dealt_absorbed":4,"minecraft:swim_one_cm":8291,"minecraft:fly_one_cm":106213,"minecraft:open_chest":11,"minecraft:crouch_one_cm":267,"tombstone:undead_killed":3,"minecraft:deaths":2,"minecraft:sneak_time":451,"minecraft:walk_under_water_one_cm":3046,"minecraft:jump":590,"minecraft:walk_on_water_one_cm":10760,"minecraft:fall_one_cm":20427},"minecraft:mined":{"duneons:swampdirt":7,"duneons:swampgrassside":1,"minecraft:spruce_planks":5,"minecraft:mossy_cobblestone":3,"minecraft:smoker":1,"minecraft:oak_fence":1,"minecraft:crafting_table":3,"duneons:swampfern":11,"minecraft:spruce_fence":5,"minecraft:redstone_wire":1,"minecraft:glass":1,"duneons:fancyfence":1,"minecraft:cobblestone":5,"minecraft:oak_planks":15,"minecraft:spawner":1,"minecraft:furnace":1,"duneons:wood_stronghold":22,"minecraft:grass":2,"duneons:swamplog":3,"minecraft:oak_log":15,"minecraft:vine":1,"minecraft:stone":22,"minecraft:oak_leaves":7},"minecraft:picked_up":{"minecraft:crafting_table":3,"minecraft:cooked_beef":6,"minecraft:ladder":2,"duneons:swamplog":3,"minecraft:smoker":1,"minecraft:potion":1,"duneons:swampdirt":8,"minecraft:oak_log":15,"minecraft:gunpowder":2,"minecraft:string":3,"minecraft:dirt":4,"duneons:fancyfence":1,"minecraft:wheat_seeds":2,"minecraft:spruce_planks":8,"duneons:swampfern":43,"duneons:evokerdisctwo":1,"minecraft:glowstone_dust":1,"minecraft:oak_planks":15,"minecraft:furnace":2,"minecraft:oak_fence":1,"minecraft:torch":1,"minecraft:spruce_fence":5,"origins:orb_of_origin":1,"minecraft:redstone":1,"minecraft:mossy_cobblestone":3,"minecraft:spider_eye":1,"duneons:wood_stronghold":21,"minecraft:rotten_flesh":1,"minecraft:sugar":2,"ars_nouveau:worn_notebook":1,"duneons:vangardpotion":2,"minecraft:crossbow":2,"minecraft:oak_sapling":1,"minecraft:mutton":4,"minecraft:white_wool":3,"minecraft:cobblestone":26},"minecraft:killed":{"minecraft:witch":2,"minecraft:spider":3,"minecraft:sheep":3,"minecraft:zombie":3,"ars_nouveau:wilden_stalker":5},"minecraft:used":{"minecraft:stone_pickaxe":8,"minecraft:stone_shovel":8,"minecraft:oak_planks":26,"minecraft:spruce_planks":3,"minecraft:wooden_pickaxe":32,"minecraft:crafting_table":2,"duneons:wood_stronghold":10,"minecraft:wooden_axe":53,"minecraft:stone_axe":80,"minecraft:furnace":1,"tombstone:gift":1,"minecraft:cooked_beef":6,"minecraft:potato":4,"minecraft:splash_potion":1},"minecraft:crafted":{"minecraft:oak_planks":60,"minecraft:stone_shovel":1,"minecraft:crafting_table":1,"minecraft:wooden_pickaxe":1,"minecraft:furnace":1,"minecraft:stone_axe":1,"minecraft:cooked_mutton":3,"minecraft:air":0,"minecraft:stick":16,"minecraft:stone_pickaxe":1,"minecraft:wooden_axe":1}},"DataVersion":2586}