{"stats":{"minecraft:custom":{"minecraft:mob_kills":126,"minecraft:interact_with_crafting_table":21,"minecraft:open_barrel":2,"minecraft:leave_game":3,"minecraft:time_since_death":9570,"minecraft:climb_one_cm":7691,"minecraft:damage_resisted":295,"minecraft:sprint_one_cm":379361,"minecraft:walk_one_cm":366119,"minecraft:drop":102,"minecraft:damage_dealt_absorbed":4,"minecraft:talked_to_villager":1,"minecraft:deaths":11,"minecraft:sneak_time":1023,"minecraft:walk_under_water_one_cm":7911,"minecraft:jump":3125,"minecraft:walk_on_water_one_cm":22254,"minecraft:interact_with_furnace":15,"tombstone:raider_killed":14,"minecraft:play_one_minute":152521,"minecraft:sleep_in_bed":2,"minecraft:time_since_rest":8339,"minecraft:damage_taken":10670,"minecraft:damage_dealt":24851,"minecraft:swim_one_cm":19749,"minecraft:fly_one_cm":683808,"minecraft:open_chest":25,"minecraft:crouch_one_cm":1234,"tombstone:undead_killed":38,"minecraft:fall_one_cm":93135},"minecraft:killed_by":{"duneons:jungle_abomination":1,"minecraft:player":2,"minecraft:slime":1,"duneons:cauldron_boss":3,"minecraft:vindicator":2,"minecraft:witch":1},"minecraft:dropped":{"minecraft:vine":1,"minecraft:wheat_seeds":4,"duneons:diamondchest":1,"duneons:corruptedbeaconspookyte":1,"minecraft:mossy_cobblestone":3,"minecraft:crossbow":1,"duneons:purplevangardpotion":3,"minecraft:oak_fence":1,"minecraft:knowledge_book":4,"vampirism:item_tent":1,"duneons:giter":2,"minecraft:dirt":4,"duneons:swampdirt":8,"minecraft:torch":1,"minecraft:mutton":1,"tombstone:grave_dust":7,"minecraft:potion":4,"duneons:stackofbooks":1,"duneons:wood_stronghold":10,"minecraft:sugar":2,"minecraft:string":6,"minecraft:white_wool":6,"duneons:fancyfence":3,"ars_nouveau:wilden_wing":2,"iceandfire:dragonbone":1,"duneons:swampfern":49,"duneons:doubleaxe":1,"duneons:bridgeplanks":1,"duneons:wick":1,"minecraft:stone_axe":1,"vampirism:obi_belt":2,"minecraft:stone_shovel":1,"vampirism:holy_water_bottle_enhanced":1,"minecraft:rotten_flesh":3,"minecraft:oak_planks":51,"minecraft:glowstone_dust":3,"duneons:cauldrondisc":1,"minecraft:shears":2,"minecraft:spruce_fence":5,"minecraft:blast_furnace":1,"duneons:vangardpotion":1,"minecraft:potato":2,"minecraft:gunpowder":6,"vampirism:vampire_fang":1,"duneons:swamplog":3,"duneons:minerarmor_chestplate":1,"minecraft:ladder":2,"create:zinc_ore":9,"minecraft:slime_ball":16,"duneons:darknesschest":1,"minecraft:bow":1,"minecraft:splash_potion":2,"iceandfire:manuscript":51,"minecraft:enchanted_book":8},"minecraft:mined":{"create:zinc_ore":19,"duneons:totemblock":1,"duneons:swampdirt":12,"minecraft:spruce_planks":9,"duneons:bigcandle":1,"minecraft:mossy_cobblestone":3,"duneons:diamondchest":1,"duneons:swampfern":22,"minecraft:spruce_fence":9,"minecraft:grass_block":3,"minecraft:redstone_wire":1,"travelersbackpack:white_sleeping_bag":1,"duneons:fancyfence":3,"minecraft:red_stained_glass_pane":1,"minecraft:spawner":4,"duneons:bambootall":5,"minecraft:black_stained_glass_pane":1,"minecraft:furnace":1,"duneons:stackofbooks":1,"minecraft:iron_ore":11,"minecraft:enchanting_table":1,"minecraft:bookshelf":4,"duneons:swamplog":4,"minecraft:vine":1,"duneons:bridgeplanks":1,"minecraft:stone":25,"minecraft:white_wool":3,"duneons:darknesschest":1,"iceandfire:pixie_jar_empty":1,"duneons:dustybookshelf":3,"duneons:soggyswamobricks":14,"duneons:swampgrassside":4,"minecraft:smoker":1,"duneons:coins":1,"duneons:bookshelfvangard":6,"minecraft:dandelion":2,"vampirism:tent_main":1,"minecraft:oak_fence":2,"minecraft:crafting_table":5,"duneons:large_jungle_plant":1,"duneons:brikercolon":2,"minecraft:glass":1,"minecraft:tall_grass":7,"minecraft:cobblestone":7,"duneons:arenablockanim":1,"duneons:bookshelfdun":5,"minecraft:oak_planks":15,"minecraft:iron_door":1,"minecraft:spruce_stairs":4,"duneons:wood_stronghold":27,"minecraft:orange_tulip":1,"minecraft:smooth_stone_slab":2,"minecraft:grass":15,"minecraft:coal_ore":45,"minecraft:oak_log":39,"duneons:creeperwoodsplaynt_1":1,"minecraft:sand":12,"minecraft:stone_bricks":7,"minecraft:oak_leaves":17},"minecraft:picked_up":{"duneons:soggyswamobricks":14,"minecraft:crafting_table":5,"minecraft:splash_potion":1,"minecraft:ladder":2,"duneons:swamplog":4,"minecraft:knowledge_book":5,"minecraft:enchanted_book":7,"minecraft:potion":4,"iceandfire:manuscript":34,"minecraft:string":7,"minecraft:iron_axe":2,"vampirism:obi_belt":1,"duneons:minerarmor_chestplate":1,"minecraft:spruce_planks":12,"minecraft:beef":14,"create:zinc_ore":28,"duneons:evokerdisctwo":1,"minecraft:furnace":2,"iceandfire:dragonbone":1,"minecraft:stick":6,"minecraft:oak_fence":2,"minecraft:torch":1,"minecraft:spruce_stairs":4,"minecraft:spruce_fence":9,"minecraft:porkchop":3,"vampirism:holy_water_bottle_enhanced":2,"tombstone:grave_dust":10,"minecraft:vine":2,"origins:orb_of_origin":1,"minecraft:redstone":1,"minecraft:arrow":13,"minecraft:rotten_flesh":3,"duneons:stackofbooks":1,"ars_nouveau:worn_notebook":1,"minecraft:shears":1,"duneons:bridgeplanks":1,"minecraft:mutton":11,"minecraft:white_wool":15,"minecraft:cobblestone":40,"minecraft:enchanting_table":1,"minecraft:cooked_beef":6,"vampirism:item_tent":1,"minecraft:leather":6,"minecraft:smoker":1,"minecraft:potato":4,"duneons:swampdirt":8,"ars_nouveau:wilden_wing":4,"minecraft:oak_log":39,"duneons:purplevangardpotion":1,"minecraft:gunpowder":6,"duneons:fancyfence":3,"minecraft:dirt":6,"duneons:diamondchest":2,"minecraft:bone":20,"minecraft:apple":1,"minecraft:stone_bricks":2,"iceandfire:pixie_jar_empty":1,"duneons:giter":3,"minecraft:bow":1,"minecraft:wheat_seeds":4,"minecraft:iron_ingot":50,"minecraft:iron_ore":7,"duneons:swampfern":52,"minecraft:glowstone_dust":4,"minecraft:oak_planks":66,"minecraft:book":15,"duneons:cauldrondisc":1,"duneons:darknesschest":1,"duneons:arenaeyeblock":1,"minecraft:dandelion":2,"minecraft:sand":12,"duneons:diamondpickaxedungeon":1,"minecraft:spider_eye":1,"minecraft:mossy_cobblestone":3,"duneons:wood_stronghold":25,"travelersbackpack:white_sleeping_bag":1,"minecraft:sugar":2,"minecraft:slime_ball":13,"duneons:vangardpotion":3,"minecraft:crossbow":2,"minecraft:bread":2,"minecraft:emerald":2,"minecraft:oak_sapling":1,"minecraft:coal":45},"minecraft:killed":{"duneons:zombievangruard":1,"vampirism:vampire":1,"minecraft:witch":9,"minecraft:spider":5,"minecraft:vindicator":5,"minecraft:slime":28,"minecraft:skeleton":18,"duneons:leaper":1,"minecraft:chicken":3,"duneons:pigchest":2,"vampirism:advanced_hunter":1,"ars_nouveau:summon_wolf":2,"ars_nouveau:carbuncle":1,"minecraft:pig":1,"minecraft:creeper":1,"minecraft:sheep":9,"minecraft:zombie":17,"ars_nouveau:wilden_stalker":12,"ars_nouveau:wilden_hunter":1,"duneons:wishperer":1,"minecraft:cow":7},"minecraft:used":{"minecraft:stone_shovel":29,"duneons:swamplog":1,"minecraft:spruce_planks":7,"minecraft:cooked_chicken":2,"duneons:diamondchest":1,"minecraft:dirt":2,"minecraft:spruce_stairs":2,"duneons:crumsoncoresword":101,"duneons:wood_stronghold":12,"minecraft:wooden_axe":53,"minecraft:iron_axe":42,"create:zinc_ore":1,"minecraft:furnace":2,"tombstone:gift":4,"duneons:soggyswamobricks":13,"minecraft:cooked_beef":6,"minecraft:potato":6,"minecraft:cooked_mutton":7,"minecraft:stone_pickaxe":40,"minecraft:oak_planks":80,"minecraft:wooden_pickaxe":32,"duneons:cutlass":28,"minecraft:white_wool":3,"minecraft:crafting_table":6,"duneons:diamondpickaxedungeon":95,"duneons:claymoreblue":105,"minecraft:bread":11,"travelersbackpack:white_sleeping_bag":1,"minecraft:stone_axe":127,"minecraft:cobblestone":11,"minecraft:cooked_porkchop":1,"duneons:doubleaxe":4,"minecraft:splash_potion":1},"minecraft:broken":{"duneons:full_plate_spooky_chestplate":1,"duneons:crumsoncoresword":1,"duneons:full_plate_spooky_helmet":1,"duneons:claymoreblue":1,"minecraft:stone_axe":1},"minecraft:crafted":{"minecraft:yellow_wool":2,"minecraft:oak_planks":156,"minecraft:stone_shovel":1,"travelersbackpack:yellow_sleeping_bag":1,"minecraft:furnace":1,"minecraft:cooked_mutton":7,"minecraft:glass":12,"travelersbackpack:white_sleeping_bag":1,"minecraft:iron_axe":2,"minecraft:stone_pickaxe":1,"minecraft:chest":1,"minecraft:cooked_porkchop":5,"minecraft:crafting_table":2,"travelersbackpack:backpack_tank":2,"minecraft:wooden_pickaxe":1,"minecraft:stone_axe":2,"minecraft:air":0,"minecraft:yellow_dye":2,"minecraft:stick":16,"minecraft:iron_ingot":7,"minecraft:wooden_axe":1,"create:zinc_ingot":1}},"DataVersion":2586}