{"stats":{"minecraft:custom":{"minecraft:interact_with_crafting_table":29,"minecraft:open_barrel":4,"minecraft:leave_game":3,"minecraft:time_since_death":0,"minecraft:damage_resisted":545,"minecraft:sprint_one_cm":1003810,"minecraft:drop":157,"minecraft:talked_to_villager":1,"minecraft:deaths":30,"minecraft:jump":4642,"minecraft:walk_on_water_one_cm":25832,"minecraft:interact_with_furnace":17,"minecraft:interact_with_cartography_table":1,"minecraft:play_one_minute":302521,"minecraft:sleep_in_bed":2,"minecraft:damage_dealt":68200,"minecraft:player_kills":1,"minecraft:crouch_one_cm":1738,"tombstone:undead_killed":145,"minecraft:mob_kills":341,"minecraft:damage_dealt_resisted":240,"minecraft:climb_one_cm":13493,"minecraft:walk_one_cm":952771,"minecraft:damage_dealt_absorbed":4,"minecraft:sneak_time":1365,"minecraft:walk_under_water_one_cm":9218,"tombstone:raider_killed":18,"minecraft:time_since_rest":120,"minecraft:damage_absorbed":1176,"minecraft:damage_taken":32840,"tombstone:cast_on_ally":0,"minecraft:swim_one_cm":31667,"minecraft:fly_one_cm":963897,"minecraft:open_chest":208,"minecraft:fall_one_cm":119459},"minecraft:dropped":{"duneons:corruptedbeaconspookyte":1,"duneons:diamondchest":1,"minecraft:glass_bottle":5,"minecraft:crossbow":1,"minecraft:mossy_stone_brick_stairs":4,"vampirism:item_tent":1,"minecraft:cracked_stone_bricks":2,"minecraft:dirt":4,"duneons:glaivespooky":3,"minecraft:mutton":3,"duneons:stackofbooks":1,"duneons:wood_stronghold":10,"minecraft:sugar":2,"travelersbackpack:backpack_tank":4,"minecraft:white_wool":6,"duneons:fancyfence":3,"minecraft:bone":2,"duneons:bridgeplanks":1,"duneons:doubleaxe":1,"minecraft:stone_axe":1,"duneons:elytepowerbow":1,"minecraft:golden_chestplate":1,"tombstone:gift":1,"vampirism:holy_water_bottle_enhanced":1,"minecraft:rotten_flesh":24,"minecraft:oak_planks":51,"minecraft:glowstone_dust":3,"duneons:cauldrondisc":1,"duneons:vangardpotion":1,"minecraft:tipped_arrow":1,"minecraft:gunpowder":6,"vampirism:vampire_fang":1,"travelersbackpack:white_sleeping_bag":1,"minecraft:ladder":2,"create:zinc_ore":9,"minecraft:arrow":2,"duneons:darknesschest":1,"minecraft:stone_brick_stairs":4,"minecraft:splash_potion":2,"iceandfire:manuscript":51,"minecraft:enchanted_book":8,"minecraft:iron_ingot":3,"minecraft:vine":1,"minecraft:wheat_seeds":4,"minecraft:mossy_cobblestone":3,"duneons:purplevangardpotion":3,"minecraft:oak_fence":1,"minecraft:knowledge_book":4,"minecraft:coal":4,"minecraft:stick":6,"duneons:giter":2,"duneons:swampdirt":8,"tombstone:magic_scroll":1,"minecraft:torch":1,"travelersbackpack:melon":1,"tombstone:grave_dust":7,"minecraft:potion":4,"minecraft:iron_axe":2,"minecraft:mossy_cobblestone_stairs":2,"minecraft:iron_shovel":1,"minecraft:string":6,"ars_nouveau:wilden_wing":3,"iceandfire:dragonbone":1,"duneons:swampfern":49,"duneons:wick":1,"vampirism:obi_belt":2,"minecraft:stone_shovel":1,"minecraft:nether_bricks":5,"minecraft:spruce_fence":5,"minecraft:shears":2,"minecraft:blast_furnace":1,"minecraft:potato":2,"duneons:spideregg":1,"minecraft:shield":1,"duneons:minerarmor_chestplate":1,"duneons:swamplog":3,"minecraft:diamond_pickaxe":1,"minecraft:spider_eye":6,"minecraft:stone_bricks":1,"minecraft:slime_ball":17,"minecraft:bow":3},"minecraft:killed_by":{"vampirism:advanced_vampire":1,"minecraft:creeper":2,"minecraft:vindicator":2,"ars_nouveau:wilden_hunter":1,"minecraft:witch":1,"minecraft:zombie":7,"duneons:jungle_abomination":1,"minecraft:player":2,"minecraft:stray":2,"minecraft:enderman":1,"minecraft:iron_golem":1,"minecraft:slime":1,"duneons:cauldron_boss":3,"minecraft:skeleton":2},"minecraft:mined":{"duneons:swampdirt":12,"duneons:totemblock":1,"minecraft:stone_pressure_plate":5,"minecraft:spruce_planks":14,"duneons:dungeoncactus":1,"duneons:swampfern":25,"minecraft:grass_block":5,"minecraft:coal_block":9,"duneons:graydungeonsglass":1,"duneons:stoneworld":3,"duneons:cauidronwitch":1,"minecraft:red_stained_glass_pane":1,"minecraft:spawner":85,"minecraft:mossy_cobblestone_stairs":12,"minecraft:iron_ore":11,"minecraft:nether_brick_stairs":7,"minecraft:enchanting_table":1,"minecraft:iron_bars":41,"duneons:bridgeplanks":1,"minecraft:potted_orange_tulip":1,"minecraft:tripwire":1,"duneons:swampgrassside":4,"duneons:dustybookshelf":3,"minecraft:smoker":1,"minecraft:chest":1,"minecraft:glass":1,"minecraft:cobblestone":7,"duneons:arenablockanim":1,"minecraft:oak_planks":15,"minecraft:bricks":3,"minecraft:iron_door":5,"minecraft:wall_torch":2,"minecraft:nether_wart_block":1,"duneons:wood_stronghold":32,"minecraft:orange_tulip":1,"minecraft:stone_brick_stairs":16,"minecraft:smooth_stone_slab":2,"minecraft:grass":18,"minecraft:oak_log":39,"minecraft:sand":12,"minecraft:netherrack":1,"minecraft:oak_leaves":20,"create:zinc_ore":19,"duneons:bigcandle":1,"minecraft:mossy_cobblestone":26,"minecraft:dark_oak_leaves":36,"duneons:diamondchest":1,"minecraft:dark_oak_log":1,"duneons:spideregg":1,"minecraft:nether_bricks":2,"minecraft:spruce_fence":9,"minecraft:redstone_wire":1,"travelersbackpack:white_sleeping_bag":1,"duneons:fancyfence":3,"duneons:bambootall":5,"minecraft:black_stained_glass_pane":1,"minecraft:furnace":2,"duneons:stackofbooks":1,"minecraft:andesite":1,"minecraft:mossy_stone_brick_stairs":15,"duneons:swamplog":4,"minecraft:bookshelf":8,"minecraft:vine":2,"minecraft:stone":51,"minecraft:white_wool":3,"iceandfire:pixie_jar_empty":1,"duneons:darknesschest":1,"duneons:soggyswamobricks":15,"minecraft:glass_pane":1,"minecraft:stone_brick_slab":2,"vampirism:tent_main":1,"minecraft:dandelion":2,"duneons:bookshelfvangard":6,"duneons:coins":1,"minecraft:oak_fence":2,"minecraft:crafting_table":7,"duneons:large_jungle_plant":1,"duneons:brikercolon":2,"minecraft:tall_grass":7,"duneons:bookshelfdun":5,"minecraft:spruce_stairs":4,"minecraft:coal_ore":45,"duneons:creeperwoodsplaynt_1":1,"minecraft:cracked_stone_bricks":19,"minecraft:stone_bricks":37,"minecraft:mossy_stone_bricks":25},"minecraft:picked_up":{"duneons:soggyswamobricks":14,"minecraft:iron_chestplate":2,"minecraft:chainmail_boots":1,"minecraft:potion":5,"minecraft:enchanted_book":8,"minecraft:knowledge_book":5,"minecraft:stone_brick_stairs":6,"iceandfire:manuscript":34,"minecraft:string":27,"vampirism:obi_belt":1,"duneons:minerarmor_chestplate":1,"minecraft:gold_nugget":3,"minecraft:spruce_planks":13,"duneons:evokerdisctwo":1,"minecraft:coal_block":9,"minecraft:furnace":3,"minecraft:tipped_arrow":1,"minecraft:stick":6,"minecraft:oak_fence":2,"minecraft:torch":11,"minecraft:spruce_stairs":4,"minecraft:porkchop":3,"vampirism:holy_water_bottle_enhanced":2,"tombstone:grave_dust":10,"minecraft:vine":2,"minecraft:golden_chestplate":1,"vampirism:blood_bottle":1,"minecraft:rotten_flesh":45,"duneons:stackofbooks":1,"ars_nouveau:worn_notebook":1,"minecraft:iron_bars":24,"minecraft:cobblestone":40,"minecraft:enchanting_table":1,"minecraft:cooked_beef":6,"vampirism:vampire_book":1,"minecraft:smoker":1,"duneons:glaivespooky":3,"minecraft:potato":4,"duneons:swampdirt":8,"duneons:purplevangardpotion":1,"minecraft:dirt":8,"duneons:fancyfence":3,"duneons:diamondchest":2,"minecraft:bone":52,"travelersbackpack:backpack_tank":4,"duneons:giter":3,"minecraft:bow":4,"minecraft:wheat_seeds":4,"minecraft:mossy_stone_bricks":4,"minecraft:glowstone_dust":4,"minecraft:oak_planks":66,"minecraft:mossy_stone_brick_stairs":9,"duneons:cauldrondisc":1,"minecraft:sand":12,"minecraft:nether_brick_stairs":5,"duneons:diamondpickaxedungeon":1,"minecraft:mossy_cobblestone":6,"travelersbackpack:white_sleeping_bag":1,"minecraft:sugar":2,"waystones:waystone":2,"minecraft:crossbow":2,"minecraft:emerald":2,"minecraft:bread":9,"minecraft:oak_sapling":1,"minecraft:bricks":3,"minecraft:crafting_table":7,"minecraft:splash_potion":1,"minecraft:ladder":2,"duneons:swamplog":4,"minecraft:leather_leggings":2,"minecraft:iron_axe":4,"minecraft:iron_shovel":1,"minecraft:cracked_stone_bricks":5,"minecraft:beef":18,"create:zinc_ore":28,"duneons:elytepowerbow":1,"iceandfire:dragonbone":1,"minecraft:spruce_fence":9,"duneons:graydungeonsglass":1,"origins:orb_of_origin":1,"minecraft:redstone":1,"minecraft:arrow":62,"minecraft:nether_bricks":5,"minecraft:shears":1,"duneons:bridgeplanks":1,"minecraft:mutton":11,"minecraft:white_wool":15,"vampirism:item_tent":1,"travelersbackpack:melon":1,"minecraft:leather":11,"ars_nouveau:wilden_wing":7,"minecraft:oak_log":39,"minecraft:gunpowder":6,"tombstone:gift":1,"minecraft:apple":1,"minecraft:stone_bricks":20,"iceandfire:pixie_jar_empty":1,"minecraft:iron_ingot":59,"minecraft:iron_ore":7,"duneons:swampfern":54,"minecraft:iron_sword":1,"minecraft:book":27,"minecraft:stone_brick_slab":2,"duneons:darknesschest":1,"duneons:arenaeyeblock":1,"minecraft:dandelion":2,"minecraft:spider_eye":7,"duneons:wood_stronghold":25,"minecraft:slime_ball":17,"duneons:spideregg":2,"duneons:vangardpotion":4,"minecraft:mossy_cobblestone_stairs":2,"tombstone:magic_scroll":1,"minecraft:coal":85,"minecraft:ender_pearl":2},"minecraft:killed":{"vampirism:vampire":6,"minecraft:cave_spider":7,"iceandfire:hippogryph":1,"minecraft:witch":10,"vampirism:advanced_vampire":1,"minecraft:spider":28,"vampirism:blinding_bat":1,"minecraft:skeleton":41,"duneons:leaper":1,"minecraft:chicken":3,"vampirism:advanced_hunter":1,"ars_nouveau:carbuncle":1,"minecraft:pig":1,"minecraft:iron_golem":1,"minecraft:creeper":1,"minecraft:sheep":9,"minecraft:pillager":2,"minecraft:zombie":73,"minecraft:stray":26,"minecraft:cow":7,"duneons:zombievangruard":2,"minecraft:vindicator":6,"minecraft:slime":28,"duneons:pigchest":2,"ars_nouveau:summon_wolf":10,"minecraft:bat":2,"duneons:vindicatorroyaleblue":8,"ars_nouveau:wilden_stalker":26,"duneons:wishperer":1,"ars_nouveau:wilden_hunter":7,"minecraft:wither_skeleton":1,"duneons:coralskeletonpurple":6,"minecraft:enderman":4},"minecraft:used":{"duneons:swamplog":1,"ars_nouveau:mana_berry":1,"minecraft:iron_sword":56,"duneons:diamondchest":1,"minecraft:mutton":1,"duneons:wood_stronghold":12,"duneons:glaivespooky":268,"minecraft:bricks":3,"create:zinc_ore":1,"minecraft:stone_bricks":67,"minecraft:furnace":2,"minecraft:potato":6,"minecraft:stone_pickaxe":40,"minecraft:oak_planks":80,"minecraft:wooden_pickaxe":32,"travelersbackpack:melon":1,"minecraft:white_wool":3,"minecraft:golden_apple":5,"duneons:diamondpickaxedungeon":538,"duneons:claymoreblue":105,"minecraft:bread":35,"minecraft:string":3,"duneons:doubleaxe":4,"minecraft:iron_bars":4,"minecraft:stone_shovel":29,"minecraft:spruce_planks":7,"minecraft:cooked_chicken":2,"minecraft:torch":47,"minecraft:dirt":4,"minecraft:spruce_stairs":2,"duneons:crumsoncoresword":101,"minecraft:wooden_axe":53,"minecraft:iron_axe":97,"carryon:entity_item":1,"tombstone:gift":4,"duneons:soggyswamobricks":13,"minecraft:cooked_beef":6,"minecraft:cooked_mutton":7,"duneons:cutlass":124,"minecraft:mossy_cobblestone":1,"minecraft:crafting_table":9,"minecraft:diamond_pickaxe":41,"minecraft:iron_pickaxe":5,"travelersbackpack:white_sleeping_bag":1,"tombstone:magic_scroll":2,"minecraft:stone_axe":127,"minecraft:cobblestone":11,"minecraft:potion":8,"minecraft:cooked_porkchop":2,"minecraft:splash_potion":1},"minecraft:broken":{"duneons:full_plate_spooky_chestplate":1,"duneons:minerarmor_chestplate":2,"duneons:crumsoncoresword":1,"minecraft:diamond_helmet":1,"minecraft:leather_leggings":1,"minecraft:iron_chestplate":1,"minecraft:iron_leggings":1,"duneons:claymoreblue":1,"minecraft:chainmail_boots":1,"minecraft:diamond_boots":1,"duneons:renegade_armor_helmet":1,"minecraft:stone_axe":1,"minecraft:iron_sword":1,"duneons:renegade_armor_chestplate":1,"duneons:full_plate_spooky_helmet":1,"minecraft:diamond_leggings":1,"minecraft:leather_boots":1,"minecraft:iron_helmet":1,"duneons:glaivespooky":1,"duneons:ghostkindlerblack_helmet":1,"duneons:cutlass":1},"minecraft:crafted":{"minecraft:oak_planks":156,"minecraft:yellow_wool":2,"travelersbackpack:yellow_sleeping_bag":1,"minecraft:cooked_mutton":7,"minecraft:glass":12,"minecraft:chest":1,"minecraft:cooked_porkchop":5,"minecraft:crafting_table":4,"minecraft:wooden_pickaxe":1,"minecraft:yellow_dye":2,"minecraft:stick":24,"minecraft:iron_ingot":7,"minecraft:iron_block":14,"minecraft:stone_shovel":1,"minecraft:furnace":1,"travelersbackpack:white_sleeping_bag":1,"minecraft:iron_axe":3,"minecraft:stone_pickaxe":1,"minecraft:coal_block":4,"travelersbackpack:backpack_tank":2,"minecraft:stone_axe":2,"minecraft:air":0,"minecraft:wooden_axe":1,"minecraft:torch":32,"create:zinc_ingot":12}},"DataVersion":2586}