{"stats":{"minecraft:killed_by":{"minecraft:vindicator":2,"minecraft:witch":1,"minecraft:zombie":4,"duneons:jungle_abomination":1,"minecraft:player":2,"minecraft:slime":1,"duneons:cauldron_boss":3,"minecraft:skeleton":1},"minecraft:custom":{"minecraft:interact_with_crafting_table":21,"minecraft:open_barrel":4,"minecraft:leave_game":3,"minecraft:time_since_death":19428,"minecraft:damage_resisted":295,"minecraft:sprint_one_cm":651956,"minecraft:drop":127,"minecraft:talked_to_villager":1,"minecraft:deaths":16,"minecraft:jump":3667,"minecraft:walk_on_water_one_cm":23296,"minecraft:interact_with_furnace":17,"minecraft:interact_with_cartography_table":1,"minecraft:play_one_minute":212521,"minecraft:sleep_in_bed":2,"minecraft:damage_dealt":38135,"minecraft:crouch_one_cm":1719,"tombstone:undead_killed":86,"minecraft:mob_kills":196,"minecraft:climb_one_cm":11697,"minecraft:walk_one_cm":639427,"minecraft:damage_dealt_absorbed":4,"minecraft:sneak_time":1205,"minecraft:walk_under_water_one_cm":8169,"tombstone:raider_killed":14,"minecraft:time_since_rest":19053,"minecraft:damage_taken":19264,"minecraft:swim_one_cm":22263,"minecraft:fly_one_cm":767835,"minecraft:open_chest":107,"minecraft:fall_one_cm":99860},"minecraft:dropped":{"duneons:corruptedbeaconspookyte":1,"duneons:diamondchest":1,"minecraft:glass_bottle":2,"minecraft:crossbow":1,"minecraft:mossy_stone_brick_stairs":1,"vampirism:item_tent":1,"minecraft:cracked_stone_bricks":2,"minecraft:dirt":4,"minecraft:mutton":3,"duneons:stackofbooks":1,"duneons:wood_stronghold":10,"minecraft:sugar":2,"minecraft:white_wool":6,"duneons:fancyfence":3,"duneons:bridgeplanks":1,"duneons:doubleaxe":1,"minecraft:stone_axe":1,"duneons:elytepowerbow":1,"minecraft:golden_chestplate":1,"tombstone:gift":1,"vampirism:holy_water_bottle_enhanced":1,"minecraft:rotten_flesh":11,"minecraft:oak_planks":51,"minecraft:glowstone_dust":3,"duneons:cauldrondisc":1,"duneons:vangardpotion":1,"minecraft:tipped_arrow":1,"minecraft:gunpowder":6,"vampirism:vampire_fang":1,"travelersbackpack:white_sleeping_bag":1,"minecraft:ladder":2,"create:zinc_ore":9,"duneons:darknesschest":1,"minecraft:stone_brick_stairs":4,"minecraft:splash_potion":2,"iceandfire:manuscript":51,"minecraft:enchanted_book":8,"minecraft:vine":1,"minecraft:wheat_seeds":4,"minecraft:mossy_cobblestone":3,"duneons:purplevangardpotion":3,"minecraft:oak_fence":1,"minecraft:knowledge_book":4,"duneons:giter":2,"duneons:swampdirt":8,"tombstone:magic_scroll":1,"minecraft:torch":1,"tombstone:grave_dust":7,"minecraft:potion":4,"minecraft:iron_axe":1,"minecraft:mossy_cobblestone_stairs":2,"minecraft:iron_shovel":1,"minecraft:string":6,"ars_nouveau:wilden_wing":2,"iceandfire:dragonbone":1,"duneons:swampfern":49,"duneons:wick":1,"vampirism:obi_belt":2,"minecraft:stone_shovel":1,"minecraft:nether_bricks":5,"minecraft:spruce_fence":5,"minecraft:shears":2,"minecraft:blast_furnace":1,"minecraft:potato":2,"duneons:spideregg":1,"duneons:minerarmor_chestplate":1,"duneons:swamplog":3,"minecraft:diamond_pickaxe":1,"minecraft:stone_bricks":1,"minecraft:slime_ball":16,"minecraft:bow":2},"minecraft:mined":{"duneons:swampdirt":12,"duneons:totemblock":1,"minecraft:spruce_planks":9,"duneons:swampfern":22,"minecraft:grass_block":3,"minecraft:coal_block":9,"duneons:stoneworld":3,"minecraft:red_stained_glass_pane":1,"minecraft:spawner":37,"minecraft:mossy_cobblestone_stairs":9,"minecraft:iron_ore":11,"minecraft:nether_brick_stairs":7,"minecraft:enchanting_table":1,"minecraft:iron_bars":27,"duneons:bridgeplanks":1,"minecraft:potted_orange_tulip":1,"duneons:swampgrassside":4,"duneons:dustybookshelf":3,"minecraft:smoker":1,"minecraft:chest":1,"minecraft:glass":1,"minecraft:cobblestone":7,"duneons:arenablockanim":1,"minecraft:oak_planks":15,"minecraft:bricks":3,"minecraft:iron_door":1,"minecraft:wall_torch":1,"minecraft:nether_wart_block":1,"duneons:wood_stronghold":27,"minecraft:orange_tulip":1,"minecraft:stone_brick_stairs":7,"minecraft:smooth_stone_slab":2,"minecraft:grass":15,"minecraft:oak_log":39,"minecraft:sand":12,"minecraft:netherrack":1,"minecraft:oak_leaves":17,"create:zinc_ore":19,"duneons:bigcandle":1,"minecraft:mossy_cobblestone":19,"duneons:diamondchest":1,"duneons:spideregg":1,"minecraft:nether_bricks":2,"minecraft:spruce_fence":9,"minecraft:redstone_wire":1,"travelersbackpack:white_sleeping_bag":1,"duneons:fancyfence":3,"duneons:bambootall":5,"minecraft:black_stained_glass_pane":1,"minecraft:furnace":2,"duneons:stackofbooks":1,"minecraft:andesite":1,"minecraft:mossy_stone_brick_stairs":9,"duneons:swamplog":4,"minecraft:bookshelf":8,"minecraft:vine":2,"minecraft:stone":51,"minecraft:white_wool":3,"iceandfire:pixie_jar_empty":1,"duneons:darknesschest":1,"duneons:soggyswamobricks":14,"minecraft:stone_brick_slab":1,"vampirism:tent_main":1,"minecraft:dandelion":2,"duneons:bookshelfvangard":6,"duneons:coins":1,"minecraft:oak_fence":2,"minecraft:crafting_table":5,"duneons:large_jungle_plant":1,"duneons:brikercolon":2,"minecraft:tall_grass":7,"duneons:bookshelfdun":5,"minecraft:spruce_stairs":4,"minecraft:coal_ore":45,"duneons:creeperwoodsplaynt_1":1,"minecraft:cracked_stone_bricks":16,"minecraft:stone_bricks":20,"minecraft:mossy_stone_bricks":20},"minecraft:picked_up":{"duneons:soggyswamobricks":14,"minecraft:iron_chestplate":1,"minecraft:potion":4,"minecraft:enchanted_book":7,"minecraft:knowledge_book":5,"minecraft:stone_brick_stairs":3,"iceandfire:manuscript":34,"minecraft:string":9,"vampirism:obi_belt":1,"duneons:minerarmor_chestplate":1,"minecraft:gold_nugget":3,"minecraft:spruce_planks":12,"duneons:evokerdisctwo":1,"minecraft:coal_block":9,"minecraft:furnace":3,"minecraft:tipped_arrow":1,"minecraft:stick":6,"minecraft:oak_fence":2,"minecraft:torch":6,"minecraft:spruce_stairs":4,"minecraft:porkchop":3,"vampirism:holy_water_bottle_enhanced":2,"tombstone:grave_dust":10,"minecraft:vine":2,"minecraft:golden_chestplate":1,"minecraft:rotten_flesh":12,"duneons:stackofbooks":1,"ars_nouveau:worn_notebook":1,"minecraft:iron_bars":20,"minecraft:cobblestone":40,"minecraft:enchanting_table":1,"minecraft:cooked_beef":6,"vampirism:vampire_book":1,"minecraft:smoker":1,"minecraft:potato":4,"duneons:swampdirt":8,"duneons:purplevangardpotion":1,"minecraft:dirt":6,"duneons:fancyfence":3,"duneons:diamondchest":2,"minecraft:bone":48,"duneons:giter":3,"minecraft:bow":2,"minecraft:wheat_seeds":4,"minecraft:glowstone_dust":4,"minecraft:oak_planks":66,"minecraft:mossy_stone_brick_stairs":1,"duneons:cauldrondisc":1,"minecraft:sand":12,"minecraft:nether_brick_stairs":5,"duneons:diamondpickaxedungeon":1,"minecraft:mossy_cobblestone":3,"travelersbackpack:white_sleeping_bag":1,"minecraft:sugar":2,"minecraft:crossbow":2,"minecraft:emerald":2,"minecraft:bread":9,"minecraft:oak_sapling":1,"minecraft:bricks":3,"minecraft:crafting_table":5,"minecraft:splash_potion":1,"minecraft:ladder":2,"duneons:swamplog":4,"minecraft:leather_leggings":2,"minecraft:iron_axe":3,"minecraft:iron_shovel":1,"minecraft:cracked_stone_bricks":5,"minecraft:beef":18,"create:zinc_ore":28,"duneons:elytepowerbow":1,"iceandfire:dragonbone":1,"minecraft:spruce_fence":9,"origins:orb_of_origin":1,"minecraft:redstone":1,"minecraft:arrow":48,"minecraft:nether_bricks":5,"minecraft:shears":1,"duneons:bridgeplanks":1,"minecraft:mutton":11,"minecraft:white_wool":15,"vampirism:item_tent":1,"minecraft:leather":8,"ars_nouveau:wilden_wing":6,"minecraft:oak_log":39,"minecraft:gunpowder":6,"tombstone:gift":1,"minecraft:apple":1,"minecraft:stone_bricks":4,"iceandfire:pixie_jar_empty":1,"minecraft:iron_ingot":53,"minecraft:iron_ore":7,"duneons:swampfern":52,"minecraft:iron_sword":1,"minecraft:book":27,"duneons:darknesschest":1,"duneons:arenaeyeblock":1,"minecraft:dandelion":2,"minecraft:spider_eye":1,"duneons:wood_stronghold":25,"minecraft:slime_ball":13,"duneons:spideregg":2,"duneons:vangardpotion":4,"minecraft:mossy_cobblestone_stairs":2,"tombstone:magic_scroll":1,"minecraft:coal":85,"minecraft:ender_pearl":1},"minecraft:killed":{"vampirism:vampire":2,"minecraft:witch":9,"minecraft:spider":10,"minecraft:skeleton":29,"duneons:leaper":1,"minecraft:chicken":3,"vampirism:advanced_hunter":1,"ars_nouveau:carbuncle":1,"minecraft:pig":1,"minecraft:creeper":1,"minecraft:sheep":9,"minecraft:zombie":44,"minecraft:stray":8,"minecraft:cow":7,"duneons:zombievangruard":2,"minecraft:vindicator":5,"minecraft:slime":28,"duneons:pigchest":2,"ars_nouveau:summon_wolf":2,"minecraft:bat":1,"ars_nouveau:wilden_stalker":16,"duneons:wishperer":1,"ars_nouveau:wilden_hunter":1,"minecraft:wither_skeleton":1},"minecraft:used":{"duneons:swamplog":1,"ars_nouveau:mana_berry":1,"minecraft:iron_sword":56,"duneons:diamondchest":1,"minecraft:mutton":1,"duneons:wood_stronghold":12,"duneons:glaivespooky":20,"minecraft:bricks":3,"create:zinc_ore":1,"minecraft:stone_bricks":11,"minecraft:furnace":2,"minecraft:potato":6,"minecraft:stone_pickaxe":40,"minecraft:oak_planks":80,"minecraft:wooden_pickaxe":32,"minecraft:white_wool":3,"duneons:diamondpickaxedungeon":309,"duneons:claymoreblue":105,"minecraft:bread":21,"duneons:doubleaxe":4,"minecraft:stone_shovel":29,"minecraft:spruce_planks":7,"minecraft:cooked_chicken":2,"minecraft:torch":34,"minecraft:dirt":2,"minecraft:spruce_stairs":2,"duneons:crumsoncoresword":101,"minecraft:wooden_axe":53,"minecraft:iron_axe":75,"carryon:entity_item":1,"tombstone:gift":4,"duneons:soggyswamobricks":13,"minecraft:cooked_beef":6,"minecraft:cooked_mutton":7,"duneons:cutlass":124,"minecraft:crafting_table":6,"minecraft:diamond_pickaxe":2,"travelersbackpack:white_sleeping_bag":1,"minecraft:stone_axe":127,"minecraft:cobblestone":11,"minecraft:potion":3,"minecraft:cooked_porkchop":2,"minecraft:splash_potion":1},"minecraft:broken":{"duneons:full_plate_spooky_chestplate":1,"duneons:crumsoncoresword":1,"minecraft:leather_leggings":1,"minecraft:iron_leggings":1,"duneons:claymoreblue":1,"duneons:renegade_armor_helmet":1,"minecraft:stone_axe":1,"minecraft:iron_sword":1,"duneons:renegade_armor_chestplate":1,"duneons:full_plate_spooky_helmet":1,"duneons:cutlass":1},"minecraft:crafted":{"minecraft:oak_planks":156,"minecraft:yellow_wool":2,"travelersbackpack:yellow_sleeping_bag":1,"minecraft:cooked_mutton":7,"minecraft:glass":12,"minecraft:chest":1,"minecraft:cooked_porkchop":5,"minecraft:crafting_table":2,"minecraft:wooden_pickaxe":1,"minecraft:yellow_dye":2,"minecraft:stick":16,"minecraft:iron_ingot":7,"minecraft:stone_shovel":1,"minecraft:furnace":1,"travelersbackpack:white_sleeping_bag":1,"minecraft:iron_axe":2,"minecraft:stone_pickaxe":1,"travelersbackpack:backpack_tank":2,"minecraft:stone_axe":2,"minecraft:air":0,"minecraft:wooden_axe":1,"minecraft:torch":32,"create:zinc_ingot":12}},"DataVersion":2586}