{"stats":{"minecraft:custom":{"minecraft:interact_with_crafting_table":31,"minecraft:open_barrel":4,"minecraft:leave_game":5,"minecraft:time_since_death":49650,"minecraft:damage_resisted":545,"minecraft:sprint_one_cm":1266654,"minecraft:drop":203,"minecraft:talked_to_villager":2,"minecraft:deaths":36,"minecraft:jump":6012,"tombstone:kill_undead_boss":1,"minecraft:walk_on_water_one_cm":55144,"minecraft:interact_with_furnace":18,"minecraft:interact_with_cartography_table":1,"minecraft:play_one_minute":373656,"minecraft:sleep_in_bed":2,"minecraft:damage_dealt":75908,"minecraft:player_kills":2,"minecraft:crouch_one_cm":1951,"tombstone:undead_killed":171,"minecraft:interact_with_smoker":8,"minecraft:mob_kills":493,"minecraft:damage_dealt_resisted":240,"minecraft:climb_one_cm":14685,"minecraft:walk_one_cm":1118297,"minecraft:damage_dealt_absorbed":4,"minecraft:sneak_time":1699,"minecraft:walk_under_water_one_cm":28640,"minecraft:interact_with_blast_furnace":2,"tombstone:raider_killed":22,"minecraft:time_since_rest":49210,"minecraft:damage_absorbed":1176,"minecraft:damage_taken":40110,"minecraft:trigger_trapped_chest":2,"tombstone:cast_on_ally":0,"minecraft:swim_one_cm":46690,"minecraft:fly_one_cm":1273192,"minecraft:open_chest":249,"minecraft:fall_one_cm":152113},"minecraft:used":{"duneons:swamplog":1,"ars_nouveau:mana_berry":1,"minecraft:chest":1,"minecraft:iron_sword":145,"duneons:diamondchest":1,"minecraft:mutton":1,"duneons:wood_stronghold":12,"duneons:glaivespooky":268,"minecraft:bricks":8,"create:zinc_ore":1,"minecraft:stone_brick_stairs":1,"minecraft:stone_bricks":142,"minecraft:furnace":2,"minecraft:potato":6,"minecraft:stone_pickaxe":40,"minecraft:oak_planks":93,"minecraft:wooden_pickaxe":32,"travelersbackpack:melon":1,"minecraft:white_wool":3,"minecraft:golden_apple":5,"duneons:diamondpickaxedungeon":618,"duneons:claymoreblue":105,"minecraft:bread":46,"minecraft:string":3,"duneons:doubleaxe":4,"minecraft:iron_bars":4,"minecraft:stone_shovel":29,"minecraft:spruce_planks":7,"minecraft:cooked_salmon":1,"minecraft:cooked_chicken":2,"minecraft:torch":52,"minecraft:dirt":4,"minecraft:spruce_stairs":2,"duneons:crumsoncoresword":101,"minecraft:wooden_axe":53,"minecraft:iron_axe":109,"carryon:entity_item":1,"tombstone:gift":4,"duneons:soggyswamobricks":13,"minecraft:cooked_beef":6,"minecraft:cooked_mutton":7,"duneons:cutlass":124,"minecraft:mossy_cobblestone":1,"minecraft:crafting_table":10,"minecraft:diamond_pickaxe":112,"minecraft:iron_pickaxe":5,"travelersbackpack:white_sleeping_bag":1,"tombstone:magic_scroll":3,"minecraft:stone_axe":127,"minecraft:potion":8,"minecraft:cobblestone":11,"minecraft:white_banner":1,"minecraft:cooked_porkchop":9,"minecraft:splash_potion":1},"minecraft:crafted":{"minecraft:oak_planks":156,"minecraft:yellow_wool":2,"travelersbackpack:yellow_sleeping_bag":1,"minecraft:cooked_mutton":7,"minecraft:glass":12,"minecraft:chest":2,"minecraft:cooked_porkchop":5,"minecraft:crafting_table":4,"minecraft:wooden_pickaxe":1,"minecraft:yellow_dye":2,"minecraft:stick":24,"minecraft:iron_ingot":7,"minecraft:iron_block":14,"minecraft:stone_shovel":1,"minecraft:furnace":1,"travelersbackpack:white_sleeping_bag":1,"minecraft:iron_axe":3,"minecraft:stone_pickaxe":1,"minecraft:coal_block":4,"travelersbackpack:backpack_tank":2,"minecraft:cooked_salmon":15,"minecraft:stone_axe":2,"minecraft:air":0,"minecraft:wooden_axe":1,"minecraft:torch":32,"create:zinc_ingot":12},"minecraft:killed":{"vampirism:vampire":8,"minecraft:cave_spider":7,"iceandfire:hippogryph":1,"minecraft:witch":11,"vampirism:advanced_vampire":1,"minecraft:spider":28,"minecraft:skeleton":43,"vampirism:blinding_bat":1,"duneons:leaper":1,"minecraft:chicken":3,"minecraft:silverfish":1,"vampirism:advanced_hunter":1,"ars_nouveau:carbuncle":1,"minecraft:pig":1,"minecraft:iron_golem":1,"minecraft:creeper":1,"duneons:cauldron_boss":1,"minecraft:sheep":9,"minecraft:pillager":5,"minecraft:zombie":86,"minecraft:stray":33,"iceandfire:pixie":11,"minecraft:cow":12,"duneons:zombievangruard":2,"minecraft:vindicator":6,"minecraft:slime":126,"duneons:pigchest":2,"minecraft:drowned":2,"ars_nouveau:summon_wolf":10,"minecraft:bat":2,"ars_nouveau:wilden_guardian":1,"duneons:vindicatorroyaleblue":9,"iceandfire:ghost":1,"ars_nouveau:wilden_stalker":26,"ars_nouveau:wilden_hunter":10,"duneons:wishperer":1,"minecraft:wither_skeleton":1,"duneons:coralskeletonpurple":6,"minecraft:enderman":4},"minecraft:broken":{"duneons:full_plate_spooky_chestplate":1,"duneons:minerarmor_chestplate":2,"duneons:crumsoncoresword":1,"minecraft:diamond_helmet":1,"minecraft:leather_leggings":1,"minecraft:iron_boots":1,"minecraft:iron_chestplate":1,"minecraft:iron_leggings":1,"duneons:claymoreblue":1,"minecraft:chainmail_boots":1,"minecraft:diamond_boots":2,"duneons:renegade_armor_helmet":1,"minecraft:stone_axe":1,"minecraft:iron_sword":1,"minecraft:leather_helmet":1,"duneons:renegade_armor_chestplate":1,"duneons:full_plate_spooky_helmet":1,"minecraft:diamond_leggings":1,"minecraft:leather_boots":1,"minecraft:iron_helmet":1,"duneons:glaivespooky":1,"duneons:ghostkindlerblack_helmet":1,"duneons:cutlass":1},"minecraft:picked_up":{"duneons:soggyswamobricks":14,"minecraft:iron_chestplate":2,"duneons:darkstonebricks":12,"minecraft:chainmail_boots":2,"minecraft:potion":5,"minecraft:enchanted_book":8,"minecraft:knowledge_book":5,"minecraft:stone_brick_stairs":7,"iceandfire:manuscript":34,"minecraft:string":27,"vampirism:obi_belt":1,"minecraft:diamond_leggings":1,"duneons:minerarmor_chestplate":1,"minecraft:gold_nugget":24,"minecraft:spruce_planks":19,"minecraft:iron_pickaxe":3,"duneons:evokerdisctwo":1,"minecraft:coal_block":11,"minecraft:iron_boots":2,"minecraft:furnace":3,"minecraft:tipped_arrow":1,"iceandfire:pixie_dust":5,"minecraft:stick":8,"minecraft:oak_fence":2,"minecraft:torch":11,"minecraft:spruce_stairs":4,"minecraft:porkchop":3,"vampirism:holy_water_bottle_enhanced":2,"tombstone:grave_dust":10,"minecraft:vine":2,"minecraft:golden_chestplate":1,"duneons:moondagger":2,"vampirism:blood_bottle":1,"minecraft:rotten_flesh":55,"duneons:stackofbooks":1,"ars_nouveau:worn_notebook":1,"minecraft:iron_bars":24,"minecraft:cobblestone":43,"minecraft:enchanting_table":1,"vampirism:vampire_book":1,"minecraft:cooked_beef":6,"minecraft:smoker":1,"duneons:glaivespooky":3,"minecraft:potato":4,"duneons:swampdirt":8,"duneons:purplevangardpotion":1,"minecraft:dirt":8,"duneons:fancyfence":3,"tombstone:familiar_receptacle":1,"duneons:diamondchest":2,"minecraft:leather_boots":1,"minecraft:bone":116,"travelersbackpack:backpack_tank":6,"duneons:giter":4,"minecraft:bow":4,"minecraft:wheat_seeds":4,"minecraft:mossy_stone_bricks":4,"minecraft:glowstone_dust":4,"minecraft:oak_planks":66,"minecraft:mossy_stone_brick_stairs":9,"duneons:cauldrondisc":2,"duneons:corrupted_beacon_a":2,"minecraft:cooked_porkchop":7,"minecraft:sand":12,"minecraft:nether_brick_stairs":6,"duneons:diamondpickaxedungeon":1,"minecraft:mossy_cobblestone":6,"travelersbackpack:white_sleeping_bag":1,"minecraft:sugar":2,"waystones:waystone":3,"minecraft:crossbow":2,"minecraft:emerald":2,"minecraft:bread":9,"minecraft:oak_sapling":1,"minecraft:bricks":8,"minecraft:crafting_table":7,"minecraft:splash_potion":1,"minecraft:ladder":2,"duneons:swamplog":4,"minecraft:leather_leggings":2,"duneons:sabrewing_bow":3,"minecraft:iron_axe":4,"minecraft:iron_shovel":3,"minecraft:cracked_stone_bricks":5,"minecraft:beef":18,"create:zinc_ore":28,"duneons:elytepowerbow":1,"iceandfire:dragonbone":1,"minecraft:spruce_fence":11,"duneons:graydungeonsglass":1,"origins:orb_of_origin":1,"minecraft:redstone":1,"minecraft:arrow":78,"minecraft:nether_bricks":5,"minecraft:shears":1,"minecraft:diamond_boots":1,"duneons:bridgeplanks":1,"minecraft:mutton":11,"minecraft:white_wool":15,"vampirism:item_tent":1,"travelersbackpack:melon":1,"minecraft:leather":19,"ars_nouveau:wilden_wing":7,"minecraft:oak_log":39,"minecraft:gunpowder":6,"tombstone:voodoo_poppet":1,"minecraft:white_banner":1,"tombstone:gift":1,"duneons:thepinkscoundrel":2,"duneons:goldenspear":1,"minecraft:apple":1,"minecraft:stone_bricks":35,"iceandfire:pixie_jar_empty":1,"minecraft:iron_ingot":132,"minecraft:iron_ore":7,"duneons:swampfern":54,"minecraft:iron_sword":2,"minecraft:book":27,"minecraft:stone_brick_slab":2,"duneons:darknesschest":1,"duneons:arenaeyeblock":1,"minecraft:dandelion":3,"minecraft:spider_eye":7,"duneons:wood_stronghold":25,"minecraft:slime_ball":181,"duneons:spideregg":2,"duneons:vangardpotion":4,"minecraft:mossy_cobblestone_stairs":2,"tombstone:magic_scroll":2,"minecraft:coal":85,"minecraft:ender_pearl":2},"minecraft:killed_by":{"vampirism:advanced_vampire":1,"minecraft:creeper":2,"minecraft:vindicator":2,"ars_nouveau:wilden_hunter":1,"minecraft:witch":1,"minecraft:zombie":11,"duneons:jungle_abomination":1,"minecraft:player":2,"minecraft:stray":2,"minecraft:enderman":1,"minecraft:iron_golem":1,"minecraft:slime":1,"duneons:cauldron_boss":3,"duneons:zombievangruard":1,"minecraft:skeleton":2},"minecraft:mined":{"duneons:totemblock":1,"duneons:swampdirt":12,"minecraft:spruce_planks":16,"minecraft:stone_pressure_plate":5,"duneons:dungeoncactus":1,"duneons:darkstonebricks":13,"duneons:swampfern":25,"minecraft:grass_block":5,"minecraft:infested_cobblestone":1,"minecraft:coal_block":11,"duneons:graydungeonsglass":1,"duneons:stoneworld":3,"duneons:cauidronwitch":1,"minecraft:red_stained_glass_pane":1,"minecraft:spawner":103,"minecraft:mossy_cobblestone_stairs":12,"minecraft:iron_ore":11,"minecraft:nether_brick_stairs":9,"minecraft:enchanting_table":1,"minecraft:iron_bars":47,"duneons:bridgeplanks":1,"minecraft:potted_orange_tulip":1,"minecraft:tripwire":1,"duneons:swampgrassside":4,"duneons:dustybookshelf":3,"minecraft:smoker":1,"iceandfire:ghost_chest":1,"minecraft:chest":1,"minecraft:glass":1,"minecraft:cobblestone":8,"duneons:arenablockanim":1,"minecraft:oak_planks":15,"minecraft:bricks":9,"minecraft:iron_door":5,"minecraft:wall_torch":2,"minecraft:nether_wart_block":1,"duneons:wood_stronghold":37,"minecraft:orange_tulip":1,"minecraft:stone_brick_stairs":17,"minecraft:smooth_stone_slab":2,"minecraft:grass":20,"minecraft:oak_log":39,"minecraft:sand":12,"minecraft:netherrack":2,"minecraft:oak_leaves":27,"create:zinc_ore":19,"minecraft:light_gray_stained_glass_pane":1,"duneons:bigcandle":1,"minecraft:mossy_cobblestone":26,"minecraft:dark_oak_leaves":36,"duneons:diamondchest":1,"minecraft:dark_oak_log":1,"duneons:spideregg":1,"minecraft:nether_bricks":3,"minecraft:spruce_fence":11,"minecraft:redstone_wire":1,"travelersbackpack:white_sleeping_bag":1,"duneons:fancyfence":3,"minecraft:spruce_leaves":2,"minecraft:large_fern":1,"duneons:bambootall":5,"minecraft:black_stained_glass_pane":1,"minecraft:furnace":2,"duneons:stackofbooks":1,"minecraft:andesite":1,"minecraft:mossy_stone_brick_stairs":15,"minecraft:bookshelf":8,"duneons:swamplog":4,"minecraft:vine":3,"minecraft:stone":54,"minecraft:white_wool":3,"iceandfire:pixie_jar_empty":1,"duneons:darknesschest":1,"duneons:soggyswamobricks":15,"minecraft:glass_pane":3,"minecraft:stone_brick_slab":2,"vampirism:tent_main":1,"duneons:coins":1,"duneons:bookshelfvangard":6,"minecraft:dandelion":3,"minecraft:polished_granite":1,"minecraft:oak_fence":2,"minecraft:crafting_table":7,"duneons:large_jungle_plant":1,"duneons:brikercolon":2,"minecraft:tall_grass":11,"duneons:bookshelfdun":5,"minecraft:spruce_stairs":5,"minecraft:coal_ore":45,"duneons:creeperwoodsplaynt_1":1,"minecraft:cracked_stone_bricks":19,"minecraft:stone_bricks":57,"minecraft:mossy_stone_bricks":25,"minecraft:infested_stone":1},"minecraft:dropped":{"minecraft:iron_sword":1,"duneons:goldenspear":1,"duneons:corruptedbeaconspookyte":1,"duneons:diamondchest":1,"minecraft:glass_bottle":6,"minecraft:crossbow":1,"minecraft:mossy_stone_brick_stairs":4,"vampirism:item_tent":1,"minecraft:cracked_stone_bricks":2,"minecraft:dirt":4,"duneons:glaivespooky":3,"minecraft:mutton":3,"duneons:stackofbooks":1,"duneons:sabrewing_bow":2,"duneons:wood_stronghold":10,"minecraft:sugar":2,"minecraft:iron_pickaxe":1,"travelersbackpack:backpack_tank":4,"minecraft:white_wool":6,"duneons:fancyfence":3,"minecraft:bone":66,"duneons:bridgeplanks":1,"duneons:doubleaxe":1,"minecraft:stone_axe":1,"duneons:elytepowerbow":1,"minecraft:golden_chestplate":1,"tombstone:gift":1,"vampirism:holy_water_bottle_enhanced":1,"minecraft:rotten_flesh":31,"minecraft:oak_planks":51,"vampirism:blood_bottle":1,"minecraft:glowstone_dust":3,"duneons:cauldrondisc":2,"duneons:thepinkscoundrel":2,"duneons:vangardpotion":2,"minecraft:tipped_arrow":1,"minecraft:gunpowder":6,"vampirism:vampire_fang":1,"travelersbackpack:white_sleeping_bag":1,"minecraft:leather_boots":1,"minecraft:chainmail_boots":1,"minecraft:ladder":2,"create:zinc_ore":9,"duneons:darknesschest":1,"minecraft:arrow":2,"minecraft:stone_brick_stairs":4,"minecraft:splash_potion":2,"iceandfire:manuscript":51,"minecraft:enchanted_book":8,"minecraft:iron_ingot":21,"minecraft:vine":1,"minecraft:wheat_seeds":4,"minecraft:mossy_cobblestone":3,"duneons:purplevangardpotion":3,"minecraft:oak_fence":1,"minecraft:cobblestone":3,"minecraft:knowledge_book":4,"minecraft:apple":9,"minecraft:coal":4,"minecraft:stick":6,"duneons:giter":2,"duneons:swampdirt":8,"tombstone:magic_scroll":1,"minecraft:torch":1,"duneons:darkstonebricks":1,"travelersbackpack:melon":1,"tombstone:grave_dust":7,"minecraft:potion":4,"minecraft:iron_leggings":1,"minecraft:iron_axe":3,"minecraft:mossy_cobblestone_stairs":2,"minecraft:iron_shovel":3,"minecraft:string":6,"ars_nouveau:wilden_wing":3,"duneons:moondagger":2,"iceandfire:dragonbone":1,"duneons:swampfern":49,"duneons:wick":1,"vampirism:obi_belt":2,"minecraft:stone_shovel":1,"minecraft:iron_boots":2,"minecraft:nether_bricks":5,"minecraft:spruce_fence":5,"minecraft:shears":2,"minecraft:blast_furnace":1,"duneons:spideregg":1,"minecraft:potato":2,"minecraft:shield":1,"duneons:swamplog":3,"duneons:minerarmor_chestplate":1,"minecraft:spruce_planks":4,"minecraft:diamond_pickaxe":1,"minecraft:spider_eye":6,"minecraft:stone_bricks":1,"minecraft:slime_ball":181,"minecraft:bow":3}},"DataVersion":2586}