{"stats":{"minecraft:custom":{"minecraft:interact_with_crafting_table":36,"minecraft:open_barrel":4,"minecraft:eat_cake_slice":3,"minecraft:leave_game":5,"minecraft:time_since_death":13645,"minecraft:damage_resisted":545,"minecraft:sprint_one_cm":1521595,"minecraft:drop":213,"minecraft:talked_to_villager":2,"minecraft:deaths":38,"minecraft:jump":6829,"tombstone:kill_undead_boss":1,"minecraft:walk_on_water_one_cm":81284,"minecraft:interact_with_furnace":19,"minecraft:interact_with_cartography_table":1,"minecraft:play_one_minute":433656,"minecraft:sleep_in_bed":2,"minecraft:damage_dealt":89814,"minecraft:player_kills":3,"minecraft:crouch_one_cm":1973,"tombstone:undead_killed":210,"minecraft:interact_with_smoker":8,"minecraft:mob_kills":604,"minecraft:damage_dealt_resisted":1079,"minecraft:climb_one_cm":15612,"minecraft:walk_one_cm":1285769,"minecraft:damage_dealt_absorbed":4,"minecraft:sneak_time":1762,"minecraft:walk_under_water_one_cm":31241,"minecraft:interact_with_blast_furnace":2,"tombstone:raider_killed":22,"minecraft:time_since_rest":13223,"minecraft:damage_absorbed":1216,"minecraft:damage_taken":47159,"minecraft:trigger_trapped_chest":2,"tombstone:cast_on_ally":0,"minecraft:swim_one_cm":55262,"minecraft:fly_one_cm":1437682,"minecraft:open_chest":331,"minecraft:fall_one_cm":169672},"minecraft:used":{"duneons:swamplog":1,"ars_nouveau:mana_berry":1,"minecraft:chest":1,"minecraft:iron_sword":369,"duneons:diamondchest":1,"minecraft:mutton":1,"travelersbackpack:iron":3,"duneons:wood_stronghold":12,"duneons:glaivespooky":268,"minecraft:bricks":8,"create:zinc_ore":1,"minecraft:stone_brick_stairs":1,"minecraft:stone_bricks":142,"minecraft:furnace":2,"minecraft:potato":6,"minecraft:stone_pickaxe":40,"minecraft:oak_planks":93,"minecraft:wooden_pickaxe":32,"travelersbackpack:melon":1,"minecraft:white_wool":3,"minecraft:golden_apple":6,"duneons:diamondpickaxedungeon":618,"duneons:claymoreblue":105,"minecraft:bread":49,"minecraft:string":3,"duneons:doubleaxe":4,"minecraft:iron_bars":8,"minecraft:stone_shovel":29,"minecraft:spruce_planks":7,"minecraft:cooked_salmon":9,"minecraft:cooked_chicken":2,"minecraft:torch":128,"minecraft:dirt":4,"minecraft:spruce_stairs":2,"duneons:crumsoncoresword":101,"minecraft:wooden_axe":53,"minecraft:iron_axe":110,"carryon:entity_item":1,"tombstone:gift":4,"duneons:soggyswamobricks":13,"minecraft:cooked_beef":9,"minecraft:cooked_mutton":10,"minecraft:polished_andesite":2,"minecraft:cracked_stone_bricks":1,"duneons:cutlass":124,"minecraft:mossy_cobblestone":1,"minecraft:crafting_table":11,"minecraft:diamond_pickaxe":177,"minecraft:iron_pickaxe":5,"travelersbackpack:white_sleeping_bag":1,"tombstone:magic_scroll":3,"minecraft:stone_axe":127,"minecraft:potion":9,"minecraft:cobblestone":11,"minecraft:white_banner":1,"minecraft:cooked_porkchop":9,"minecraft:splash_potion":1},"minecraft:crafted":{"minecraft:oak_planks":156,"minecraft:yellow_wool":2,"travelersbackpack:iron":1,"travelersbackpack:yellow_sleeping_bag":1,"minecraft:cooked_mutton":7,"minecraft:glass":12,"minecraft:chest":3,"minecraft:cooked_porkchop":5,"minecraft:crafting_table":5,"travelersbackpack:standard":1,"minecraft:wooden_pickaxe":1,"minecraft:gold_block":8,"minecraft:yellow_dye":2,"minecraft:stick":28,"minecraft:iron_ingot":7,"minecraft:iron_block":24,"minecraft:stone_shovel":1,"minecraft:furnace":1,"travelersbackpack:white_sleeping_bag":2,"minecraft:iron_axe":4,"minecraft:stone_pickaxe":1,"minecraft:coal_block":4,"travelersbackpack:backpack_tank":2,"minecraft:cooked_salmon":15,"minecraft:stone_axe":2,"minecraft:air":0,"minecraft:wooden_axe":1,"minecraft:torch":32,"create:zinc_ingot":12},"minecraft:killed":{"vampirism:vampire":20,"minecraft:cave_spider":9,"iceandfire:hippogryph":1,"minecraft:witch":11,"vampirism:advanced_vampire":2,"minecraft:spider":56,"minecraft:skeleton":63,"vampirism:blinding_bat":2,"duneons:leaper":1,"minecraft:chicken":3,"minecraft:silverfish":2,"vampirism:advanced_hunter":1,"ars_nouveau:carbuncle":1,"minecraft:pig":1,"duneons:mossyskeleton":1,"minecraft:iron_golem":1,"minecraft:creeper":3,"duneons:cauldron_boss":1,"minecraft:sheep":16,"minecraft:pillager":5,"minecraft:zombie":93,"duneons:junglezombie":4,"minecraft:stray":40,"iceandfire:pixie":12,"minecraft:cow":12,"duneons:zombievangruard":2,"minecraft:vindicator":6,"minecraft:slime":126,"duneons:pigchest":2,"minecraft:drowned":2,"ars_nouveau:summon_wolf":13,"goblintraders:goblin_trader":1,"minecraft:bat":2,"minecraft:squid":1,"ars_nouveau:wilden_guardian":1,"duneons:vindicatorroyaleblue":9,"iceandfire:ghost":1,"ars_nouveau:wilden_stalker":32,"ars_nouveau:wilden_hunter":12,"duneons:wishperer":1,"minecraft:wither_skeleton":1,"duneons:coralskeletonpurple":6,"minecraft:enderman":4},"minecraft:broken":{"duneons:full_plate_spooky_chestplate":1,"duneons:minerarmor_chestplate":2,"duneons:crumsoncoresword":1,"minecraft:diamond_helmet":1,"minecraft:leather_leggings":1,"minecraft:iron_boots":1,"minecraft:iron_chestplate":1,"duneons:corrupted_beacon_a":1,"minecraft:iron_leggings":2,"duneons:claymoreblue":1,"minecraft:chainmail_boots":2,"minecraft:diamond_boots":2,"duneons:renegade_armor_helmet":1,"minecraft:stone_axe":1,"minecraft:iron_sword":1,"minecraft:leather_helmet":1,"duneons:renegade_armor_chestplate":1,"duneons:full_plate_spooky_helmet":1,"minecraft:diamond_leggings":2,"minecraft:chainmail_helmet":1,"minecraft:leather_boots":1,"minecraft:iron_helmet":2,"duneons:glaivespooky":1,"duneons:ghostkindlerblack_helmet":1,"duneons:cutlass":1},"minecraft:picked_up":{"duneons:soggyswamobricks":14,"minecraft:iron_chestplate":2,"duneons:darkstonebricks":12,"minecraft:chainmail_boots":3,"minecraft:potion":5,"minecraft:enchanted_book":8,"minecraft:knowledge_book":5,"minecraft:stone_brick_stairs":7,"iceandfire:manuscript":34,"minecraft:string":77,"minecraft:iron_leggings":1,"vampirism:obi_belt":1,"minecraft:diamond_leggings":1,"duneons:minerarmor_chestplate":1,"minecraft:gold_nugget":24,"minecraft:spruce_planks":19,"minecraft:iron_pickaxe":3,"duneons:evokerdisctwo":1,"minecraft:coal_block":25,"minecraft:iron_boots":2,"minecraft:furnace":3,"minecraft:tipped_arrow":1,"iceandfire:pixie_dust":7,"minecraft:stick":8,"minecraft:oak_fence":2,"minecraft:torch":46,"minecraft:spruce_stairs":4,"minecraft:porkchop":3,"vampirism:holy_water_bottle_enhanced":2,"tombstone:grave_dust":12,"vampirism:vampire_fang":4,"minecraft:vine":2,"minecraft:golden_chestplate":1,"duneons:moondagger":2,"vampirism:blood_bottle":1,"minecraft:rotten_flesh":61,"duneons:stackofbooks":1,"ars_nouveau:worn_notebook":1,"minecraft:iron_bars":38,"minecraft:cobblestone":43,"minecraft:enchanting_table":1,"vampirism:vampire_book":1,"minecraft:cooked_beef":6,"minecraft:smoker":1,"duneons:glaivespooky":3,"minecraft:potato":4,"duneons:swampdirt":8,"duneons:purplevangardpotion":1,"minecraft:dirt":8,"duneons:fancyfence":3,"tombstone:familiar_receptacle":2,"duneons:diamondchest":2,"minecraft:leather_boots":1,"minecraft:bone":156,"travelersbackpack:backpack_tank":6,"duneons:giter":4,"minecraft:bow":4,"minecraft:wheat_seeds":4,"minecraft:mossy_stone_bricks":4,"minecraft:glowstone_dust":4,"minecraft:oak_planks":66,"minecraft:mossy_stone_brick_stairs":10,"duneons:cauldrondisc":2,"duneons:corrupted_beacon_a":2,"minecraft:cooked_porkchop":7,"minecraft:sand":12,"minecraft:nether_brick_stairs":6,"duneons:diamondpickaxedungeon":1,"minecraft:mossy_cobblestone":6,"travelersbackpack:white_sleeping_bag":1,"minecraft:polished_andesite":2,"minecraft:sugar":2,"waystones:waystone":3,"minecraft:crossbow":2,"minecraft:emerald":2,"minecraft:bread":9,"minecraft:oak_sapling":1,"minecraft:bricks":8,"minecraft:crafting_table":8,"minecraft:splash_potion":1,"minecraft:ladder":2,"duneons:swamplog":4,"minecraft:leather_leggings":3,"duneons:sabrewing_bow":3,"minecraft:iron_axe":4,"minecraft:iron_shovel":3,"minecraft:cracked_stone_bricks":6,"minecraft:beef":18,"create:zinc_ore":28,"duneons:elytepowerbow":1,"iceandfire:dragonbone":1,"minecraft:spruce_fence":11,"duneons:graydungeonsglass":1,"origins:orb_of_origin":1,"minecraft:redstone":1,"minecraft:arrow":116,"minecraft:nether_bricks":5,"minecraft:shears":1,"minecraft:diamond_boots":1,"duneons:bridgeplanks":1,"minecraft:mutton":14,"minecraft:white_wool":23,"vampirism:vampire_blood_bottle":1,"vampirism:item_tent":1,"travelersbackpack:melon":1,"minecraft:leather":19,"ars_nouveau:wilden_wing":8,"minecraft:oak_log":39,"minecraft:gunpowder":13,"tombstone:voodoo_poppet":1,"minecraft:white_banner":1,"tombstone:gift":1,"duneons:thepinkscoundrel":2,"duneons:goldenspear":1,"minecraft:apple":5,"minecraft:stone_bricks":35,"iceandfire:pixie_jar_empty":1,"minecraft:iron_ingot":196,"minecraft:iron_ore":7,"duneons:swampfern":54,"minecraft:iron_sword":3,"minecraft:book":27,"minecraft:stone_brick_slab":2,"duneons:darknesschest":1,"duneons:arenaeyeblock":1,"minecraft:dandelion":3,"minecraft:spider_eye":30,"minecraft:leather_helmet":1,"duneons:wood_stronghold":25,"minecraft:slime_ball":181,"minecraft:chainmail_leggings":2,"duneons:spideregg":2,"duneons:vangardpotion":4,"minecraft:mossy_cobblestone_stairs":2,"tombstone:magic_scroll":2,"minecraft:coal":85,"minecraft:ender_pearl":2},"minecraft:killed_by":{"vampirism:advanced_vampire":1,"minecraft:creeper":2,"minecraft:vindicator":2,"ars_nouveau:wilden_hunter":1,"minecraft:witch":1,"minecraft:zombie":11,"vampirism:vampire":1,"duneons:jungle_abomination":1,"minecraft:player":2,"minecraft:stray":2,"minecraft:enderman":1,"minecraft:iron_golem":1,"minecraft:slime":1,"duneons:cauldron_boss":3,"duneons:zombievangruard":1,"minecraft:skeleton":3},"minecraft:mined":{"duneons:totemblock":1,"duneons:swampdirt":12,"minecraft:spruce_planks":16,"minecraft:stone_pressure_plate":5,"duneons:dungeoncactus":1,"duneons:darkstonebricks":13,"duneons:swampfern":25,"minecraft:grass_block":7,"minecraft:infested_cobblestone":1,"minecraft:coal_block":11,"duneons:graydungeonsglass":1,"duneons:stoneworld":3,"duneons:cauidronwitch":1,"minecraft:chiseled_stone_bricks":1,"minecraft:red_stained_glass_pane":1,"minecraft:spawner":134,"minecraft:mossy_cobblestone_stairs":13,"minecraft:iron_ore":11,"minecraft:nether_brick_stairs":9,"minecraft:enchanting_table":1,"minecraft:iron_bars":64,"duneons:bridgeplanks":1,"minecraft:potted_orange_tulip":1,"minecraft:tripwire":1,"duneons:swampgrassside":4,"duneons:dustybookshelf":3,"minecraft:smoker":1,"minecraft:torch":1,"iceandfire:ghost_chest":1,"minecraft:chest":1,"duneons:ferncreeperwoods":1,"minecraft:glass":1,"minecraft:cobblestone":8,"duneons:arenablockanim":1,"minecraft:oak_planks":15,"minecraft:bricks":9,"minecraft:iron_door":5,"minecraft:wall_torch":3,"minecraft:nether_wart_block":1,"duneons:wood_stronghold":37,"duneons:creeperwoodstallgrass":9,"minecraft:orange_tulip":1,"minecraft:stone_brick_stairs":17,"minecraft:smooth_stone_slab":2,"minecraft:grass":20,"minecraft:oak_log":39,"minecraft:sand":12,"minecraft:netherrack":2,"minecraft:oak_leaves":27,"create:zinc_ore":19,"minecraft:light_gray_stained_glass_pane":1,"duneons:bigcandle":1,"minecraft:mossy_cobblestone":26,"minecraft:dark_oak_leaves":36,"duneons:diamondchest":1,"minecraft:dark_oak_log":1,"duneons:spideregg":1,"minecraft:nether_bricks":3,"minecraft:spruce_fence":11,"minecraft:redstone_wire":1,"travelersbackpack:white_sleeping_bag":1,"duneons:fancyfence":3,"minecraft:spruce_leaves":2,"minecraft:large_fern":1,"duneons:bambootall":5,"minecraft:black_stained_glass_pane":1,"minecraft:furnace":2,"duneons:stackofbooks":1,"minecraft:andesite":1,"minecraft:mossy_stone_brick_stairs":16,"minecraft:bookshelf":8,"duneons:swamplog":4,"minecraft:vine":3,"minecraft:stone":54,"minecraft:white_wool":3,"iceandfire:pixie_jar_empty":1,"duneons:darknesschest":1,"duneons:soggyswamobricks":15,"minecraft:glass_pane":3,"minecraft:stone_brick_slab":2,"vampirism:tent_main":1,"duneons:coins":1,"duneons:bookshelfvangard":6,"minecraft:dandelion":3,"minecraft:polished_granite":1,"minecraft:oak_fence":2,"minecraft:crafting_table":8,"duneons:large_jungle_plant":1,"duneons:brikercolon":2,"minecraft:tall_grass":11,"duneons:bookshelfdun":5,"minecraft:spruce_stairs":5,"minecraft:coal_ore":45,"duneons:creeperwoodsplaynt_1":1,"minecraft:cracked_stone_bricks":25,"minecraft:polished_andesite":2,"minecraft:stone_bricks":59,"minecraft:mossy_stone_bricks":27,"minecraft:infested_stone":1},"minecraft:dropped":{"minecraft:iron_sword":2,"duneons:goldenspear":1,"duneons:corruptedbeaconspookyte":1,"duneons:diamondchest":1,"minecraft:glass_bottle":6,"minecraft:crossbow":1,"minecraft:mossy_stone_brick_stairs":4,"vampirism:item_tent":1,"minecraft:cracked_stone_bricks":2,"minecraft:dirt":4,"duneons:glaivespooky":3,"minecraft:mutton":6,"duneons:stackofbooks":1,"duneons:sabrewing_bow":2,"duneons:wood_stronghold":10,"minecraft:sugar":2,"minecraft:iron_pickaxe":1,"travelersbackpack:backpack_tank":4,"minecraft:white_wool":7,"duneons:fancyfence":3,"minecraft:bone":66,"duneons:bridgeplanks":1,"duneons:doubleaxe":1,"minecraft:stone_axe":1,"duneons:elytepowerbow":1,"minecraft:golden_chestplate":1,"tombstone:gift":1,"vampirism:holy_water_bottle_enhanced":1,"minecraft:rotten_flesh":31,"minecraft:oak_planks":51,"vampirism:blood_bottle":1,"minecraft:glowstone_dust":3,"duneons:cauldrondisc":2,"duneons:thepinkscoundrel":2,"duneons:vangardpotion":2,"minecraft:tipped_arrow":1,"minecraft:gunpowder":6,"vampirism:vampire_fang":3,"travelersbackpack:white_sleeping_bag":1,"iceandfire:pixie_dust":7,"minecraft:leather_boots":1,"minecraft:chainmail_boots":1,"minecraft:ladder":2,"minecraft:leather_leggings":1,"create:zinc_ore":9,"minecraft:iron_bars":2,"duneons:darknesschest":1,"minecraft:arrow":2,"minecraft:stone_brick_stairs":4,"minecraft:splash_potion":2,"iceandfire:manuscript":51,"minecraft:enchanted_book":8,"minecraft:iron_ingot":21,"minecraft:vine":1,"minecraft:wheat_seeds":4,"minecraft:mossy_cobblestone":3,"minecraft:iron_helmet":1,"duneons:purplevangardpotion":3,"minecraft:oak_fence":1,"minecraft:cobblestone":3,"minecraft:knowledge_book":4,"minecraft:apple":9,"minecraft:coal":4,"minecraft:stick":6,"duneons:giter":2,"duneons:swampdirt":8,"tombstone:magic_scroll":1,"minecraft:torch":1,"duneons:darkstonebricks":1,"travelersbackpack:melon":1,"tombstone:grave_dust":8,"minecraft:potion":4,"minecraft:iron_leggings":1,"minecraft:iron_axe":3,"minecraft:mossy_cobblestone_stairs":2,"minecraft:iron_shovel":3,"minecraft:string":6,"ars_nouveau:wilden_wing":3,"duneons:moondagger":2,"iceandfire:dragonbone":1,"duneons:swampfern":49,"duneons:wick":1,"vampirism:obi_belt":2,"minecraft:stone_shovel":1,"minecraft:iron_boots":2,"minecraft:nether_bricks":5,"minecraft:spruce_fence":5,"minecraft:shears":2,"minecraft:blast_furnace":1,"duneons:spideregg":1,"minecraft:potato":2,"minecraft:shield":1,"duneons:swamplog":3,"duneons:minerarmor_chestplate":1,"minecraft:spruce_planks":4,"minecraft:diamond_pickaxe":1,"minecraft:spider_eye":6,"minecraft:stone_bricks":1,"minecraft:slime_ball":181,"minecraft:bow":3}},"DataVersion":2586}