{"stats":{"minecraft:killed_by":{"minecraft:player":2,"minecraft:witch":1,"minecraft:slime":1,"duneons:cauldron_boss":3},"minecraft:dropped":{"minecraft:wheat_seeds":4,"minecraft:mossy_cobblestone":3,"duneons:corruptedbeaconspookyte":1,"duneons:purplevangardpotion":1,"minecraft:crossbow":1,"minecraft:oak_fence":1,"minecraft:rotten_flesh":2,"vampirism:item_tent":1,"minecraft:spruce_fence":5,"minecraft:blast_furnace":1,"duneons:vangardpotion":1,"minecraft:dirt":4,"minecraft:potato":2,"minecraft:gunpowder":4,"duneons:swampdirt":8,"duneons:minerarmor_chestplate":1,"duneons:swamplog":3,"minecraft:torch":1,"minecraft:mutton":1,"minecraft:ladder":2,"tombstone:grave_dust":2,"duneons:wood_stronghold":10,"minecraft:sugar":2,"minecraft:string":2,"duneons:fancyfence":1,"ars_nouveau:wilden_wing":2,"duneons:swampfern":49},"minecraft:custom":{"minecraft:interact_with_furnace":2,"minecraft:mob_kills":59,"tombstone:raider_killed":7,"minecraft:interact_with_crafting_table":11,"minecraft:open_barrel":2,"minecraft:play_one_minute":86521,"minecraft:leave_game":3,"minecraft:time_since_death":5203,"minecraft:damage_resisted":295,"minecraft:climb_one_cm":7139,"minecraft:time_since_rest":4205,"minecraft:sprint_one_cm":179677,"minecraft:damage_taken":6534,"minecraft:walk_one_cm":214302,"minecraft:drop":42,"minecraft:damage_dealt":12459,"minecraft:talked_to_villager":1,"minecraft:damage_dealt_absorbed":4,"minecraft:swim_one_cm":13470,"minecraft:fly_one_cm":333036,"minecraft:open_chest":22,"minecraft:crouch_one_cm":476,"tombstone:undead_killed":8,"minecraft:deaths":8,"minecraft:sneak_time":637,"minecraft:walk_under_water_one_cm":4695,"minecraft:jump":1581,"minecraft:walk_on_water_one_cm":13348,"minecraft:fall_one_cm":49952},"minecraft:mined":{"iceandfire:pixie_jar_empty":1,"duneons:swampdirt":12,"duneons:soggyswamobricks":14,"duneons:swampgrassside":4,"minecraft:spruce_planks":9,"minecraft:mossy_cobblestone":3,"minecraft:smoker":1,"vampirism:tent_main":1,"minecraft:oak_fence":2,"minecraft:crafting_table":4,"duneons:swampfern":22,"minecraft:grass_block":1,"minecraft:spruce_fence":9,"minecraft:redstone_wire":1,"minecraft:glass":1,"minecraft:tall_grass":1,"duneons:fancyfence":1,"minecraft:cobblestone":7,"minecraft:oak_planks":15,"minecraft:spawner":1,"minecraft:spruce_stairs":3,"duneons:bambootall":1,"minecraft:furnace":1,"duneons:wood_stronghold":27,"minecraft:smooth_stone_slab":2,"minecraft:grass":4,"duneons:swamplog":4,"minecraft:oak_log":15,"minecraft:vine":1,"minecraft:stone":22,"minecraft:white_wool":3,"minecraft:oak_leaves":11},"minecraft:picked_up":{"duneons:soggyswamobricks":14,"minecraft:crafting_table":4,"minecraft:cooked_beef":6,"vampirism:item_tent":1,"minecraft:ladder":2,"duneons:swamplog":4,"minecraft:smoker":1,"ars_nouveau:wilden_wing":2,"minecraft:potion":2,"duneons:swampdirt":8,"minecraft:oak_log":15,"minecraft:gunpowder":6,"minecraft:string":3,"minecraft:dirt":6,"duneons:fancyfence":1,"minecraft:bone":2,"minecraft:apple":1,"iceandfire:pixie_jar_empty":1,"minecraft:wheat_seeds":4,"minecraft:spruce_planks":12,"minecraft:iron_ingot":49,"duneons:swampfern":52,"duneons:evokerdisctwo":1,"minecraft:glowstone_dust":4,"minecraft:oak_planks":15,"duneons:cauldrondisc":1,"minecraft:furnace":2,"minecraft:stick":5,"minecraft:oak_fence":2,"minecraft:torch":1,"minecraft:spruce_stairs":3,"minecraft:spruce_fence":9,"vampirism:holy_water_bottle_enhanced":1,"tombstone:grave_dust":5,"origins:orb_of_origin":1,"minecraft:redstone":1,"minecraft:mossy_cobblestone":3,"minecraft:spider_eye":1,"duneons:wood_stronghold":25,"minecraft:rotten_flesh":2,"minecraft:sugar":2,"minecraft:slime_ball":13,"ars_nouveau:worn_notebook":1,"duneons:vangardpotion":3,"minecraft:crossbow":2,"minecraft:oak_sapling":1,"minecraft:mutton":6,"minecraft:white_wool":8,"minecraft:cobblestone":40},"minecraft:killed":{"minecraft:witch":7,"minecraft:spider":3,"minecraft:slime":28,"minecraft:sheep":5,"minecraft:skeleton":1,"minecraft:zombie":7,"ars_nouveau:wilden_stalker":7,"vampirism:advanced_hunter":1},"minecraft:used":{"minecraft:cooked_mutton":3,"duneons:swamplog":1,"minecraft:stone_pickaxe":28,"minecraft:stone_shovel":16,"minecraft:oak_planks":56,"minecraft:spruce_planks":7,"minecraft:wooden_pickaxe":32,"minecraft:cooked_chicken":2,"minecraft:white_wool":3,"minecraft:dirt":2,"minecraft:crafting_table":5,"duneons:wood_stronghold":12,"minecraft:wooden_axe":53,"duneons:claymoreblue":105,"minecraft:stone_axe":125,"minecraft:cobblestone":11,"minecraft:furnace":1,"tombstone:gift":3,"duneons:soggyswamobricks":13,"minecraft:cooked_beef":6,"minecraft:potato":6,"minecraft:splash_potion":1},"minecraft:broken":{"duneons:full_plate_spooky_chestplate":1,"minecraft:stone_axe":1,"duneons:full_plate_spooky_helmet":1,"duneons:claymoreblue":1},"minecraft:crafted":{"minecraft:oak_planks":60,"minecraft:stone_shovel":1,"minecraft:crafting_table":1,"minecraft:wooden_pickaxe":1,"minecraft:furnace":1,"minecraft:stone_axe":2,"minecraft:cooked_mutton":3,"minecraft:air":0,"minecraft:stick":16,"minecraft:stone_pickaxe":1,"minecraft:wooden_axe":1}},"DataVersion":2586}