{"stats":{"minecraft:killed_by":{"duneons:zombievangruard":1},"minecraft:custom":{"minecraft:time_since_rest":2152,"minecraft:sprint_one_cm":24612,"minecraft:damage_taken":557,"minecraft:walk_one_cm":16730,"minecraft:mob_kills":2,"minecraft:damage_dealt":442,"minecraft:interact_with_crafting_table":1,"minecraft:fly_one_cm":18519,"minecraft:crouch_one_cm":535,"minecraft:play_one_minute":13469,"tombstone:undead_killed":2,"minecraft:deaths":1,"minecraft:sneak_time":172,"minecraft:jump":84,"minecraft:leave_game":1,"minecraft:time_since_death":2528,"minecraft:fall_one_cm":685},"minecraft:mined":{"minecraft:crafting_table":1,"minecraft:grass_block":1,"minecraft:oak_log":4,"minecraft:dirt":1,"minecraft:white_wool":1,"minecraft:oak_leaves":2},"minecraft:picked_up":{"minecraft:crafting_table":1,"minecraft:oak_log":4,"tombstone:grave_dust":1,"duneons:maidhelemt_helmet":1,"minecraft:dirt":2,"duneons:goldenspear":1,"minecraft:arrow":1,"minecraft:bone":1,"minecraft:rotten_flesh":4,"ars_nouveau:worn_notebook":1,"duneons:oaktotem":1,"minecraft:white_wool":1,"minecraft:iron_boots":1},"minecraft:killed":{"minecraft:skeleton":1,"minecraft:zombie":1},"minecraft:used":{"duneons:goldenspear":3,"carryon:entity_item":1,"minecraft:rotten_flesh":3,"minecraft:white_wool":1,"minecraft:dirt":2,"minecraft:crafting_table":1},"minecraft:broken":{"duneons:goldenspear":1},"minecraft:crafted":{"minecraft:oak_planks":16,"minecraft:crafting_table":1,"minecraft:stick":4,"minecraft:wooden_pickaxe":1}},"DataVersion":2586}