{"stats":{"minecraft:custom":{"minecraft:interact_with_anvil":2,"minecraft:mob_kills":58,"minecraft:interact_with_crafting_table":11,"minecraft:interact_with_campfire":4,"minecraft:damage_dealt_resisted":322,"minecraft:leave_game":4,"minecraft:time_since_death":6243,"minecraft:climb_one_cm":264,"minecraft:sprint_one_cm":289591,"minecraft:walk_one_cm":248012,"minecraft:drop":56,"minecraft:sneak_time":2093,"minecraft:deaths":15,"minecraft:walk_under_water_one_cm":3350,"minecraft:interact_with_brewingstand":1,"minecraft:jump":1628,"minecraft:interact_with_blast_furnace":1,"minecraft:walk_on_water_one_cm":9788,"minecraft:interact_with_furnace":4,"minecraft:play_one_minute":164203,"minecraft:sleep_in_bed":1,"minecraft:time_since_rest":5729,"minecraft:damage_taken":7443,"minecraft:trigger_trapped_chest":4,"minecraft:damage_dealt":12031,"minecraft:swim_one_cm":31208,"minecraft:fly_one_cm":315918,"minecraft:open_chest":80,"minecraft:crouch_one_cm":4175,"tombstone:undead_killed":34,"minecraft:fall_one_cm":39822},"minecraft:used":{"minecraft:chest":1,"minecraft:iron_sword":2,"duneons:goldgauntlet":1,"minecraft:rotten_flesh":15,"duneons:woodbacket":5,"minecraft:netherrack":1,"minecraft:torch":68,"minecraft:dirt":16,"minecraft:carrot":4,"minecraft:granite":1,"minecraft:nether_brick_stairs":3,"duneons:goldenspear":3,"carryon:entity_item":9,"minecraft:golden_carrot":4,"iceandfire:chared_stone":2,"minecraft:cooked_cod":4,"tombstone:gift":3,"minecraft:cooked_beef":4,"minecraft:potato":5,"minecraft:stone_pickaxe":52,"minecraft:baked_potato":7,"minecraft:oak_planks":1,"minecraft:wooden_pickaxe":14,"minecraft:sandstone":2,"duneons:goldchest":1,"minecraft:white_wool":1,"farmersdelight:onion":12,"minecraft:sand":3,"minecraft:stripped_dark_oak_log":3,"minecraft:crafting_table":5,"tombstone:tablet_of_home":2,"duneons:dagger":96,"duneons:diamondpickaxedungeon":494,"minecraft:iron_pickaxe":176,"minecraft:suspicious_stew":1,"tombstone:grave_key":2,"iceandfire:chared_cobblestone":3,"minecraft:stone_axe":35,"minecraft:diamond_sword":98,"minecraft:cobblestone":13,"minecraft:potion":4,"minecraft:experience_bottle":1},"minecraft:crafted":{"minecraft:oak_planks":28,"duneons:dagger":2,"minecraft:stone_pickaxe":1,"minecraft:chest":1,"iceandfire:armor_bronze_chestplate":1,"minecraft:crafting_table":2,"minecraft:wooden_pickaxe":1,"minecraft:stone_axe":1,"minecraft:iron_chestplate":1,"minecraft:stick":20,"minecraft:torch":32},"minecraft:broken":{"minecraft:diamond_chestplate":1,"duneons:goldenspear":1,"minecraft:chainmail_leggings":1,"minecraft:leather_leggings":1,"minecraft:iron_boots":1,"minecraft:iron_chestplate":1,"duneons:dagger":1,"duneons:maidhelemt_helmet":1,"minecraft:iron_helmet":1},"minecraft:killed":{"duneons:zombievangruard":1,"vampirism:vampire":5,"minecraft:spider":4,"minecraft:skeleton":13,"ars_nouveau:summon_wolf":2,"minecraft:zombie_villager":1,"minecraft:zombie":16,"ars_nouveau:wilden_stalker":2,"minecraft:stray":1,"ars_nouveau:wilden_hunter":1,"minecraft:wither_skeleton":2},"minecraft:picked_up":{"minecraft:crafting_table":3,"minecraft:wheat":10,"minecraft:chainmail_boots":1,"iceandfire:witherbone":1,"minecraft:nether_wart":10,"minecraft:clay_ball":5,"minecraft:leather_leggings":1,"tombstone:tablet_of_home":1,"minecraft:wooden_pickaxe":2,"minecraft:oak_stairs":8,"minecraft:string":3,"minecraft:red_nether_bricks":1,"ars_nouveau:mana_gem":3,"vampirism:obi_belt":1,"duneons:goldchest":2,"minecraft:gold_nugget":74,"duneons:firepit":3,"minecraft:iron_pickaxe":1,"minecraft:phantom_membrane":6,"minecraft:iron_boots":2,"minecraft:sandstone":2,"minecraft:stick":4,"iceandfire:dragonbone":33,"minecraft:torch":3,"minecraft:bowl":1,"tombstone:grave_dust":4,"vampirism:vampire_fang":1,"minecraft:carrot":4,"minecraft:arrow":16,"minecraft:diamond_chestplate":1,"minecraft:rotten_flesh":15,"ars_nouveau:worn_notebook":1,"minecraft:diamond_boots":2,"duneons:planksbambbo":2,"iceandfire:fire_dragon_heart":1,"duneons:oaktotem":1,"minecraft:iron_bars":4,"minecraft:cobblestone":26,"minecraft:white_wool":1,"farmersdelight:rice":1,"minecraft:golden_carrot":17,"minecraft:andesite":1,"duneons:claymoreblue":1,"minecraft:red_mushroom":4,"minecraft:oak_log":9,"minecraft:gunpowder":1,"iceandfire:dragonscales_bronze":86,"minecraft:lapis_lazuli":43,"minecraft:dirt":18,"minecraft:paper":5,"duneons:goldenspear":1,"minecraft:bone":16,"minecraft:bow":1,"minecraft:iron_ingot":27,"minecraft:stone_pickaxe":2,"minecraft:glass_bottle":1,"duneons:goldgauntlet":1,"iceandfire:chared_stone":30,"iceandfire:copper_nugget":14,"duneons:woodbacket":5,"iceandfire:dragon_skull_fire":2,"minecraft:sand":7,"minecraft:nether_brick_stairs":3,"minecraft:gold_ore":1,"duneons:maidhelemt_helmet":1,"iceandfire:chared_cobblestone":17,"minecraft:diamond":6,"minecraft:iron_helmet":1,"duneons:vangardpotion":1,"minecraft:granite":1,"minecraft:golden_apple":9,"minecraft:emerald":14,"duneons:keygold":2,"minecraft:baked_potato":11,"tombstone:magic_scroll":1,"minecraft:netherrack":1,"minecraft:stripped_dark_oak_log":3,"iceandfire:silver_nugget":64,"minecraft:coal":21},"minecraft:killed_by":{"minecraft:player":3,"minecraft:creeper":5,"duneons:zombievangruard":3,"minecraft:zombie":1,"iceandfire:fire_dragon":1},"minecraft:mined":{"minecraft:diamond_ore":5,"duneons:woodbacket":5,"iceandfire:copper_pile":8,"minecraft:nether_bricks":8,"minecraft:granite":1,"duneons:firepit":1,"duneons:dirtgravel":1,"minecraft:grass_block":3,"minecraft:nether_wart":8,"minecraft:sandstone":2,"iceandfire:copper_ore":2,"minecraft:iron_ore":2,"duneons:humanvase":2,"minecraft:andesite":2,"minecraft:nether_brick_stairs":6,"iceandfire:gold_pile":12,"minecraft:iron_bars":8,"duneons:planksbambbo":1,"minecraft:stone":32,"minecraft:white_wool":1,"iceandfire:chared_cobblestone":25,"minecraft:blackstone":11,"minecraft:stripped_dark_oak_log":1,"minecraft:crafting_table":3,"duneons:redmushroom":1,"minecraft:emerald_ore":13,"duneons:bamboograss":2,"duneons:crystalblue":7,"minecraft:nether_quartz_ore":8,"minecraft:cobblestone":2,"minecraft:lapis_ore":4,"minecraft:diorite":3,"minecraft:wall_torch":1,"duneons:goldchest":2,"minecraft:grass":1,"minecraft:oak_log":7,"minecraft:coal_ore":22,"iceandfire:silver_pile":13,"minecraft:gravel":18,"minecraft:sand":7,"minecraft:dirt":4,"minecraft:cracked_stone_bricks":1,"ars_nouveau:arcane_ore":3,"minecraft:stone_bricks":1,"minecraft:netherrack":489,"minecraft:gold_ore":1,"minecraft:oak_leaves":2,"iceandfire:chared_stone":25},"minecraft:dropped":{"iceandfire:chared_stone":28,"minecraft:gold_ore":1,"minecraft:glass_bottle":10,"minecraft:book":2,"vampirism:amulet":1,"farmersdelight:rice":1,"minecraft:red_mushroom":2,"minecraft:item_frame":1,"minecraft:stick":7,"minecraft:emerald":14,"minecraft:dirt":2,"minecraft:golden_carrot":1,"minecraft:torch":9,"duneons:planksbambbo":2,"minecraft:oak_stairs":8,"minecraft:sand":4,"vampirism:ring":1,"minecraft:string":2,"iceandfire:dragon_skull_fire":1,"minecraft:bone":16,"duneons:firepit":2,"minecraft:stone_axe":1,"duneons:keygold":1,"minecraft:bowl":2,"vampirism:obi_belt":2,"minecraft:wheat":10,"iceandfire:witherbone":1,"minecraft:clay_ball":5,"minecraft:iron_boots":3,"minecraft:suspicious_stew":1,"minecraft:potato":4,"minecraft:gunpowder":6,"vampirism:vampire_fang":2,"iceandfire:chared_cobblestone":14,"minecraft:chainmail_boots":1,"minecraft:wooden_pickaxe":3,"minecraft:stone_pickaxe":3}},"DataVersion":2586}