{"stats":{"minecraft:dropped":{"minecraft:clay_ball":5,"duneons:planksbambbo":2,"minecraft:sand":4,"minecraft:stone_pickaxe":1},"minecraft:killed_by":{"minecraft:player":1,"minecraft:creeper":1,"duneons:zombievangruard":2},"minecraft:custom":{"minecraft:mob_kills":10,"minecraft:interact_with_crafting_table":5,"minecraft:play_one_minute":27839,"minecraft:leave_game":2,"minecraft:time_since_death":8814,"minecraft:climb_one_cm":12,"minecraft:time_since_rest":8510,"minecraft:sprint_one_cm":73769,"minecraft:damage_taken":1478,"minecraft:walk_one_cm":45483,"minecraft:drop":5,"minecraft:damage_dealt":2022,"minecraft:swim_one_cm":25215,"minecraft:fly_one_cm":105837,"minecraft:open_chest":3,"minecraft:crouch_one_cm":868,"tombstone:undead_killed":8,"minecraft:deaths":4,"minecraft:sneak_time":346,"minecraft:walk_under_water_one_cm":2044,"minecraft:jump":453,"minecraft:walk_on_water_one_cm":1997,"minecraft:fall_one_cm":7065},"minecraft:mined":{"minecraft:stripped_dark_oak_log":1,"minecraft:crafting_table":3,"duneons:redmushroom":1,"duneons:firepit":1,"minecraft:grass_block":1,"duneons:bamboograss":2,"minecraft:cobblestone":1,"minecraft:sandstone":2,"duneons:humanvase":2,"minecraft:andesite":1,"minecraft:grass":1,"minecraft:oak_log":4,"minecraft:sand":7,"minecraft:dirt":2,"duneons:planksbambbo":1,"minecraft:stone":16,"minecraft:white_wool":1,"minecraft:oak_leaves":2},"minecraft:picked_up":{"minecraft:crafting_table":3,"minecraft:clay_ball":5,"minecraft:andesite":1,"minecraft:red_mushroom":2,"minecraft:oak_log":4,"minecraft:dirt":14,"duneons:goldenspear":1,"minecraft:bone":5,"duneons:firepit":1,"minecraft:iron_ingot":15,"minecraft:stone_pickaxe":1,"minecraft:iron_boots":1,"minecraft:sandstone":2,"minecraft:torch":1,"minecraft:sand":7,"tombstone:grave_dust":1,"duneons:maidhelemt_helmet":1,"minecraft:arrow":6,"minecraft:rotten_flesh":9,"ars_nouveau:worn_notebook":1,"duneons:planksbambbo":2,"duneons:oaktotem":1,"minecraft:stripped_dark_oak_log":3,"minecraft:white_wool":1,"minecraft:cobblestone":18},"minecraft:killed":{"duneons:zombievangruard":1,"minecraft:skeleton":3,"minecraft:zombie":4,"ars_nouveau:wilden_stalker":1},"minecraft:used":{"minecraft:stone_pickaxe":19,"minecraft:wooden_pickaxe":14,"minecraft:sandstone":2,"minecraft:rotten_flesh":7,"minecraft:white_wool":1,"minecraft:dirt":14,"minecraft:sand":3,"minecraft:stripped_dark_oak_log":3,"minecraft:crafting_table":3,"duneons:goldenspear":3,"carryon:entity_item":1,"minecraft:stone_axe":35,"minecraft:cobblestone":7,"minecraft:cooked_cod":2,"tombstone:gift":2},"minecraft:broken":{"duneons:maidhelemt_helmet":1,"duneons:goldenspear":1},"minecraft:crafted":{"minecraft:oak_planks":16,"minecraft:crafting_table":1,"minecraft:wooden_pickaxe":1,"duneons:dagger":1,"minecraft:stone_axe":1,"minecraft:iron_chestplate":1,"minecraft:stick":8,"minecraft:stone_pickaxe":1}},"DataVersion":2586}