{
  "__COMMENT1": "To apply this configuration to all newly generated worlds",
  "__COMMENT2": "please place this configuration file into your config directory",
  "__COMMENT3": "with the following name: cpm-server-default.json",
  "skins": {},
  "player_scaling": {
    "8e710c1c-e705-38a3-8b89-be18b8ce0d63": {
      "motion": 1.0,
      "flight": 1.0,
      "reach": 1.0,
      "asp": 1.0,
      "akb": 1.0,
      "attack": 1.0,
      "defense": 1.0,
      "health": 1.0,
      "mob_vis": 1.0,
      "kbr": 1.0
    },
    "66cc7c7c-7eae-335a-93f4-30bb6e36d49c": {},
    "5afae0a1-375c-3273-844c-c1c076866e30": {},
    "39ce114c-ccf6-3e41-86ce-9dea49dfeb1f": {
      "flight": 1.0,
      "mob_vis": 1.0,
      "motion": 1.0,
      "defense": 1.0,
      "reach": 1.0,
      "attack": 1.0,
      "akb": 1.0,
      "health": 1.0,
      "kbr": 1.0,
      "asp": 1.0
    },
    "8dc4e63e-3798-3339-84ed-ba55a2ac4718": {},
    "2dbf8a87-23bd-34d5-affa-16ea775004da": {},
    "89fd5ff1-3f0a-3201-8ffc-46551614e6ac": {}
  },
  "player_scaling_settings": {},
  "scaling_settings": {
    "motion": {},
    "mob_visibility": {},
    "defense": {},
    "attack_knockback": {},
    "flight_speed": {},
    "knockback_resist": {},
    "reach": {},
    "health": {},
    "attack_speed": {},
    "attack_dmg": {}
  }
}