{
  "securitycraft:recipes/securitycraft/universal_block_remover": {
    "criteria": {
      "has_iron": "2024-08-18 18:24:10 +0000"
    },
    "done": true
  },
  "minecraft:recipes/tools/fishing_rod": {
    "criteria": {
      "has_string": "2024-08-18 18:16:56 +0000"
    },
    "done": true
  },
  "minecraft:recipes/decorations/smoker": {
    "criteria": {
      "has_furnace": "2024-08-18 18:11:55 +0000"
    },
    "done": true
  },
  "minecraft:recipes/food/cooked_mutton_from_campfire_cooking": {
    "criteria": {
      "has_mutton": "2024-08-18 18:02:23 +0000"
    },
    "done": true
  },
  "minecraft:recipes/building_blocks/black_stained_glass": {
    "criteria": {
      "has_glass": "2024-08-18 19:16:37 +0000"
    },
    "done": true
  },
  "minecraft:recipes/building_blocks/brick_stairs_from_bricks_stonecutting": {
    "criteria": {
      "has_bricks": "2024-08-18 20:04:21 +0000"
    },
    "done": true
  },
  "securitycraft:recipes/securitycraft/reinforced_purple_stained_glass_pane_from_dye": {
    "criteria": {
      "has_glass": "2024-08-18 19:16:37 +0000"
    },
    "done": true
  },
  "minecraft:recipes/redstone/lever": {
    "criteria": {
      "has_cobblestone": "2024-08-18 18:05:53 +0000"
    },
    "done": true
  },
  "farmersdelight:recipes/farmersdelight/organic_compost_from_rotten_flesh": {
    "criteria": {
      "has_rotten_flesh": "2024-08-18 18:20:21 +0000"
    },
    "done": true
  },
  "minecraft:recipes/decorations/brick_wall": {
    "criteria": {
      "has_bricks": "2024-08-18 20:04:21 +0000"
    },
    "done": true
  },
  "minecraft:recipes/combat/iron_sword": {
    "criteria": {
      "has_iron_ingot": "2024-08-18 18:24:10 +0000"
    },
    "done": true
  },
  "securitycraft:recipes/securitycraft/reinforced_andesite_with_vanilla_diorite": {
    "criteria": {
      "has_cobblestone": "2024-08-18 18:05:53 +0000"
    },
    "done": true
  },
  "minecraft:recipes/building_blocks/mossy_cobblestone": {
    "criteria": {
      "has_vine": "2024-08-18 19:28:39 +0000"
    },
    "done": true
  },
  "minecraft:recipes/redstone/spruce_door": {
    "criteria": {
      "has_planks": "2024-08-18 18:05:13 +0000"
    },
    "done": true
  },
  "duneons:minecraft_dungeonsinstall": {
    "criteria": {
      "minecraft_dungeonsinstall": "2024-08-18 17:56:04 +0000"
    },
    "done": true
  },
  "securitycraft:recipes/securitycraft/sentry": {
    "criteria": {
      "has_iron": "2024-08-18 18:24:10 +0000"
    },
    "done": true
  },
  "minecraft:recipes/building_blocks/lime_concrete_powder": {
    "criteria": {
      "has_sand": "2024-08-18 19:10:39 +0000"
    },
    "done": true
  },
  "minecraft:recipes/building_blocks/chiseled_stone_bricks": {
    "criteria": {
      "has_stone_bricks": "2024-08-18 19:06:24 +0000"
    },
    "done": true
  },
  "minecraft:recipes/building_blocks/nether_brick_slab": {
    "criteria": {
      "has_nether_brick": "2024-08-18 20:32:08 +0000"
    },
    "done": true
  },
  "minecraft:recipes/building_blocks/gray_stained_glass": {
    "criteria": {
      "has_glass": "2024-08-18 19:16:37 +0000"
    },
    "done": true
  },
  "minecraft:recipes/tools/iron_pickaxe": {
    "criteria": {
      "has_iron_ingot": "2024-08-18 18:24:10 +0000"
    },
    "done": true
  },
  "minecraft:recipes/building_blocks/yellow_concrete_powder": {
    "criteria": {
      "has_sand": "2024-08-18 19:10:39 +0000"
    },
    "done": true
  },
  "minecraft:recipes/redstone/spruce_fence_gate": {
    "criteria": {
      "has_planks": "2024-08-18 18:05:13 +0000"
    },
    "done": true
  },
  "minecraft:recipes/combat/leather_helmet": {
    "criteria": {
      "has_leather": "2024-08-18 19:19:17 +0000"
    },
    "done": true
  },
  "wizard-staff:recipes/combat/wizard_staff": {
    "criteria": {
      "has_cobblestone": "2024-08-18 18:05:53 +0000"
    },
    "done": true
  },
  "minecraft:recipes/decorations/crafting_table": {
    "criteria": {
      "has_planks": "2024-08-18 18:01:13 +0000"
    },
    "done": true
  },
  "minecraft:recipes/building_blocks/magenta_wool": {
    "criteria": {
      "has_white_wool": "2024-08-18 18:02:23 +0000"
    },
    "done": true
  },
  "minecraft:recipes/building_blocks/purple_stained_glass": {
    "criteria": {
      "has_glass": "2024-08-18 19:16:37 +0000"
    },
    "done": true
  },
  "securitycraft:recipes/securitycraft/reinforced_green_stained_glass": {
    "criteria": {
      "has_glass": "2024-08-18 19:16:37 +0000"
    },
    "done": true
  },
  "securitycraft:recipes/securitycraft/reinforced_red_stained_glass_pane_from_dye": {
    "criteria": {
      "has_glass": "2024-08-18 19:16:37 +0000"
    },
    "done": true
  },
  "iceandfire:iceandfire/root": {
    "criteria": {
      "tick": "2024-08-18 17:40:10 +0000"
    },
    "done": true
  },
  "minecraft:recipes/decorations/ladder": {
    "criteria": {
      "has_stick": "2024-08-18 18:10:11 +0000"
    },
    "done": true
  },
  "minecraft:recipes/decorations/chest": {
    "criteria": {
      "has_lots_of_items": "2024-08-18 18:04:45 +0000"
    },
    "done": true
  },
  "minecraft:story/shiny_gear": {
    "criteria": {
      "diamond_helmet": "2024-08-18 20:30:10 +0000"
    },
    "done": true
  },
  "minecraft:recipes/combat/golden_sword": {
    "criteria": {
      "has_gold_ingot": "2024-08-18 20:05:24 +0000"
    },
    "done": true
  },
  "vampirism:recipes/vampirism/hunter/cross": {
    "criteria": {
      "has_planks": "2024-08-18 18:01:13 +0000"
    },
    "done": true
  },
  "minecraft:recipes/redstone/spruce_button": {
    "criteria": {
      "has_planks": "2024-08-18 18:05:13 +0000"
    },
    "done": true
  },
  "vampirism:recipes/vampirism/hunter/potion_table": {
    "criteria": {
      "has_glass_bottle": "2024-08-18 20:19:03 +0000"
    },
    "done": true
  },
  "securitycraft:recipes/securitycraft/reinforced_black_stained_glass_pane_from_dye": {
    "criteria": {
      "has_glass": "2024-08-18 19:16:37 +0000"
    },
    "done": true
  },
  "minecraft:recipes/tools/wooden_shovel": {
    "criteria": {
      "has_stick": "2024-08-18 18:10:11 +0000"
    },
    "done": true
  },
  "minecraft:recipes/decorations/torch": {
    "criteria": {
      "has_stone_pickaxe": "2024-08-18 18:13:03 +0000"
    },
    "done": true
  },
  "securitycraft:recipes/securitycraft/reinforced_orange_stained_glass": {
    "criteria": {
      "has_glass": "2024-08-18 19:16:37 +0000"
    },
    "done": true
  },
  "minecraft:recipes/tools/shears": {
    "criteria": {
      "has_iron_ingot": "2024-08-18 18:24:10 +0000"
    },
    "done": true
  },
  "securitycraft:recipes/securitycraft/reinforced_orange_stained_glass_pane_from_glass": {
    "criteria": {
      "has_glass": "2024-08-18 19:16:37 +0000"
    },
    "done": true
  },
  "minecraft:recipes/misc/stick": {
    "criteria": {
      "has_planks": "2024-08-18 18:01:13 +0000"
    },
    "done": true
  },
  "minecraft:recipes/building_blocks/mossy_cobblestone_slab_from_mossy_cobblestone_stonecutting": {
    "criteria": {
      "has_mossy_cobblestone": "2024-08-18 18:22:59 +0000"
    },
    "done": true
  },
  "minecraft:recipes/misc/iron_ingot_from_blasting": {
    "criteria": {
      "has_iron_ore": "2024-08-18 19:44:16 +0000"
    },
    "done": true
  },
  "securitycraft:recipes/securitycraft/reinforced_light_blue_stained_glass": {
    "criteria": {
      "has_glass": "2024-08-18 19:16:37 +0000"
    },
    "done": true
  },
  "minecraft:recipes/redstone/dispenser": {
    "criteria": {
      "has_bow": "2024-08-18 19:51:55 +0000"
    },
    "done": true
  },
  "minecraft:recipes/travelersbackpack/brown_sleeping_bag_from_white_sleeping_bag": {
    "criteria": {
      "has_sleeping_bag": "2024-08-18 19:17:33 +0000"
    },
    "done": true
  },
  "securitycraft:recipes/securitycraft/electrified_iron_fence": {
    "criteria": {
      "has_iron": "2024-08-18 18:24:10 +0000"
    },
    "done": true
  },
  "minecraft:recipes/building_blocks/emerald_block": {
    "criteria": {
      "has_emerald": "2024-08-18 18:42:32 +0000"
    },
    "done": true
  },
  "securitycraft:recipes/securitycraft/reinforced_andesite_with_vanilla_cobblestone": {
    "criteria": {
      "has_cobblestone": "2024-08-18 18:05:53 +0000"
    },
    "done": true
  },
  "securitycraft:recipes/securitycraft/reinforced_dark_oak_fence_gate": {
    "criteria": {
      "has_stick": "2024-08-18 18:10:11 +0000"
    },
    "done": true
  },
  "vampirism:recipes/vampirism/general/throne": {
    "criteria": {
      "has_planks": "2024-08-18 18:01:13 +0000"
    },
    "done": true
  },
  "minecraft:recipes/combat/iron_leggings": {
    "criteria": {
      "has_iron_ingot": "2024-08-18 18:24:10 +0000"
    },
    "done": true
  },
  "create:recipes/create.base/crafting/materials/zinc_block_from_compacting": {
    "criteria": {
      "has_item": "2024-08-18 20:01:41 +0000"
    },
    "done": true
  },
  "minecraft:recipes/combat/shield": {
    "criteria": {
      "has_iron_ingot": "2024-08-18 18:24:10 +0000"
    },
    "done": true
  },
  "minecraft:recipes/building_blocks/cobblestone_slab": {
    "criteria": {
      "has_cobblestone": "2024-08-18 18:05:53 +0000"
    },
    "done": true
  },
  "securitycraft:recipes/securitycraft/reinforced_white_stained_glass_pane_from_glass": {
    "criteria": {
      "has_glass": "2024-08-18 19:16:37 +0000"
    },
    "done": true
  },
  "minecraft:recipes/redstone/hopper": {
    "criteria": {
      "has_iron_ingot": "2024-08-18 18:24:10 +0000"
    },
    "done": true
  },
  "vampirism:main/root": {
    "criteria": {
      "main": "2024-08-18 18:23:32 +0000"
    },
    "done": true
  },
  "minecraft:recipes/building_blocks/mossy_cobblestone_stairs_from_mossy_cobblestone_stonecutting": {
    "criteria": {
      "has_mossy_cobblestone": "2024-08-18 18:22:59 +0000"
    },
    "done": true
  },
  "minecraft:recipes/travelersbackpack/cyan_sleeping_bag_from_white_sleeping_bag": {
    "criteria": {
      "has_sleeping_bag": "2024-08-18 19:17:33 +0000"
    },
    "done": true
  },
  "create:recipes/create.base/crafting/kinetics/yellow_seat": {
    "criteria": {
      "has_wool": "2024-08-18 18:02:23 +0000"
    },
    "done": true
  },
  "securitycraft:recipes/securitycraft/reinforced_red_stained_glass": {
    "criteria": {
      "has_glass": "2024-08-18 19:16:37 +0000"
    },
    "done": true
  },
  "vampirism:recipes/vampirism/vampire/coffin_white": {
    "criteria": {
      "has_wool": "2024-08-18 18:02:23 +0000"
    },
    "done": true
  },
  "minecraft:recipes/building_blocks/light_gray_concrete_powder": {
    "criteria": {
      "has_sand": "2024-08-18 19:10:39 +0000"
    },
    "done": true
  },
  "securitycraft:recipes/securitycraft/reinforced_spruce_fence_gate": {
    "criteria": {
      "has_stick": "2024-08-18 18:10:11 +0000"
    },
    "done": true
  },
  "securitycraft:recipes/securitycraft/reinforced_lime_stained_glass": {
    "criteria": {
      "has_glass": "2024-08-18 19:16:37 +0000"
    },
    "done": true
  },
  "minecraft:recipes/combat/leather_leggings": {
    "criteria": {
      "has_leather": "2024-08-18 19:19:17 +0000"
    },
    "done": true
  },
  "securitycraft:recipes/securitycraft/reinforced_blue_stained_glass_pane_from_glass": {
    "criteria": {
      "has_glass": "2024-08-18 19:16:37 +0000"
    },
    "done": true
  },
  "minecraft:recipes/building_blocks/pink_concrete_powder": {
    "criteria": {
      "has_sand": "2024-08-18 19:10:39 +0000"
    },
    "done": true
  },
  "securitycraft:recipes/securitycraft/security_camera": {
    "criteria": {
      "has_iron": "2024-08-18 18:24:10 +0000"
    },
    "done": true
  },
  "minecraft:recipes/redstone/lectern": {
    "criteria": {
      "has_book": "2024-08-18 19:55:09 +0000"
    },
    "done": true
  },
  "create:recipes/create.base/crafting/kinetics/lime_seat": {
    "criteria": {
      "has_wool": "2024-08-18 18:02:23 +0000"
    },
    "done": true
  },
  "securitycraft:recipes/securitycraft/door_indestructible_iron_item": {
    "criteria": {
      "has_iron": "2024-08-18 18:24:10 +0000"
    },
    "done": true
  },
  "minecraft:recipes/building_blocks/yellow_stained_glass": {
    "criteria": {
      "has_glass": "2024-08-18 19:16:37 +0000"
    },
    "done": true
  },
  "securitycraft:recipes/securitycraft/reinforced_white_stained_glass_pane_from_dye": {
    "criteria": {
      "has_glass": "2024-08-18 19:16:37 +0000"
    },
    "done": true
  },
  "minecraft:recipes/decorations/iron_bars": {
    "criteria": {
      "has_iron_ingot": "2024-08-18 18:24:10 +0000"
    },
    "done": true
  },
  "securitycraft:recipes/securitycraft/reinforced_crimson_fence_gate": {
    "criteria": {
      "has_stick": "2024-08-18 18:10:11 +0000"
    },
    "done": true
  },
  "minecraft:recipes/building_blocks/brick_stairs": {
    "criteria": {
      "has_brick_block": "2024-08-18 20:04:21 +0000"
    },
    "done": true
  },
  "minecraft:recipes/building_blocks/blue_wool": {
    "criteria": {
      "has_white_wool": "2024-08-18 18:02:23 +0000"
    },
    "done": true
  },
  "minecraft:recipes/building_blocks/gold_block": {
    "criteria": {
      "has_gold_ingot": "2024-08-18 20:05:24 +0000"
    },
    "done": true
  },
  "minecraft:story/obtain_armor": {
    "criteria": {
      "iron_leggings": "2024-08-18 20:19:40 +0000"
    },
    "done": true
  },
  "vampirism:recipes/vampirism/vampire/blood_infused_iron_ingot": {
    "criteria": {
      "has_iron": "2024-08-18 18:24:10 +0000"
    },
    "done": true
  },
  "securitycraft:recipes/securitycraft/reinforced_jungle_fence": {
    "criteria": {
      "has_stick": "2024-08-18 18:10:11 +0000"
    },
    "done": true
  },
  "minecraft:adventure/sleep_in_bed": {
    "criteria": {
      "slept_in_bed": "2024-08-18 19:17:35 +0000"
    },
    "done": true
  },
  "minecraft:recipes/building_blocks/red_stained_glass": {
    "criteria": {
      "has_glass": "2024-08-18 19:16:37 +0000"
    },
    "done": true
  },
  "minecraft:recipes/building_blocks/sandstone": {
    "criteria": {
      "has_sand": "2024-08-18 19:10:39 +0000"
    },
    "done": true
  },
  "minecraft:recipes/building_blocks/cobblestone_slab_from_cobblestone_stonecutting": {
    "criteria": {
      "has_cobblestone": "2024-08-18 18:05:53 +0000"
    },
    "done": true
  },
  "minecraft:recipes/travelersbackpack/orange_sleeping_bag_from_white_sleeping_bag": {
    "criteria": {
      "has_sleeping_bag": "2024-08-18 19:17:33 +0000"
    },
    "done": true
  },
  "minecraft:recipes/building_blocks/oak_stairs": {
    "criteria": {
      "has_planks": "2024-08-18 18:01:13 +0000"
    },
    "done": true
  },
  "securitycraft:recipes/securitycraft/reinforced_purple_stained_glass_pane_from_glass": {
    "criteria": {
      "has_glass": "2024-08-18 19:16:37 +0000"
    },
    "done": true
  },
  "farmersdelight:recipes/farmersdelight/roasted_mutton_chops": {
    "criteria": {
      "has_mutton": "2024-08-18 18:12:52 +0000"
    },
    "done": true
  },
  "minecraft:recipes/transportation/acacia_boat": {
    "criteria": {
      "in_water": "2024-08-18 18:03:20 +0000"
    },
    "done": true
  },
  "minecraft:recipes/redstone/iron_trapdoor": {
    "criteria": {
      "has_iron_ingot": "2024-08-18 18:24:10 +0000"
    },
    "done": true
  },
  "create:recipes/create.base/crafting/materials/zinc_nugget_from_decompacting": {
    "criteria": {
      "has_item": "2024-08-18 20:01:41 +0000"
    },
    "done": true
  },
  "farmersdelight:recipes/farmersdelight/cutting_board": {
    "criteria": {
      "has_stick": "2024-08-18 18:10:11 +0000"
    },
    "done": true
  },
  "minecraft:adventure/root": {
    "criteria": {
      "killed_by_something": "2024-08-18 17:56:44 +0000"
    },
    "done": true
  },
  "securitycraft:recipes/securitycraft/reinforced_magenta_stained_glass_pane_from_glass": {
    "criteria": {
      "has_glass": "2024-08-18 19:16:37 +0000"
    },
    "done": true
  },
  "securitycraft:recipes/securitycraft/storage_module": {
    "criteria": {
      "has_iron": "2024-08-18 18:24:10 +0000"
    },
    "done": true
  },
  "create:recipes/create.base/crafting/kinetics/black_seat": {
    "criteria": {
      "has_wool": "2024-08-18 18:02:23 +0000"
    },
    "done": true
  },
  "minecraft:recipes/building_blocks/white_concrete_powder": {
    "criteria": {
      "has_sand": "2024-08-18 19:10:39 +0000"
    },
    "done": true
  },
  "farmersdelight:recipes/farmersdelight/chicken_sandwich": {
    "criteria": {
      "has_cooked_chicken": "2024-08-18 18:42:32 +0000"
    },
    "done": true
  },
  "minecraft:recipes/building_blocks/white_wool_from_string": {
    "criteria": {
      "has_string": "2024-08-18 18:16:56 +0000"
    },
    "done": true
  },
  "minecraft:adventure/kill_all_mobs": {
    "criteria": {
      "minecraft:skeleton": "2024-08-18 18:34:44 +0000",
      "minecraft:vindicator": "2024-08-18 19:06:11 +0000",
      "minecraft:spider": "2024-08-18 18:16:46 +0000",
      "minecraft:creeper": "2024-08-18 19:50:21 +0000",
      "minecraft:slime": "2024-08-18 18:50:16 +0000",
      "minecraft:witch": "2024-08-18 18:20:07 +0000",
      "minecraft:wither_skeleton": "2024-08-18 20:32:02 +0000",
      "minecraft:stray": "2024-08-18 20:17:50 +0000",
      "minecraft:zombie": "2024-08-18 18:15:37 +0000"
    },
    "done": false
  },
  "minecraft:recipes/travelersbackpack/yellow_sleeping_bag_from_white_sleeping_bag": {
    "criteria": {
      "has_sleeping_bag": "2024-08-18 19:17:33 +0000"
    },
    "done": true
  },
  "vampirism:recipes/vampirism/hunter/item_med_chair": {
    "criteria": {
      "has_iron_ingot": "2024-08-18 18:24:10 +0000"
    },
    "done": true
  },
  "vampirism:recipes/vampirism/vampire/vampire_clothing_crown": {
    "criteria": {
      "has_gold": "2024-08-18 20:05:24 +0000"
    },
    "done": true
  },
  "create:recipes/create.base/crafting/materials/andesite_alloy_from_zinc": {
    "criteria": {
      "has_item": "2024-08-18 20:01:41 +0000"
    },
    "done": true
  },
  "vampirism:recipes/vampirism/alchemy_table": {
    "criteria": {
      "has_planks": "2024-08-18 18:01:13 +0000"
    },
    "done": true
  },
  "minecraft:recipes/decorations/yellow_banner": {
    "criteria": {
      "has_yellow_wool": "2024-08-18 19:14:01 +0000"
    },
    "done": true
  },
  "farmersdelight:recipes/farmersdelight/cooking_pot": {
    "criteria": {
      "has_iron_ingot": "2024-08-18 18:24:10 +0000"
    },
    "done": true
  },
  "minecraft:recipes/decorations/stone_brick_wall": {
    "criteria": {
      "has_stone_bricks": "2024-08-18 19:06:24 +0000"
    },
    "done": true
  },
  "minecraft:recipes/food/cooked_beef_from_smoking": {
    "criteria": {
      "has_beef": "2024-08-18 19:19:18 +0000"
    },
    "done": true
  },
  "minecraft:recipes/building_blocks/lime_stained_glass": {
    "criteria": {
      "has_glass": "2024-08-18 19:16:37 +0000"
    },
    "done": true
  },
  "securitycraft:recipes/securitycraft/reinforced_cyan_stained_glass_pane_from_dye": {
    "criteria": {
      "has_glass": "2024-08-18 19:16:37 +0000"
    },
    "done": true
  },
  "minecraft:recipes/misc/iron_nugget_from_smelting": {
    "criteria": {
      "has_iron_axe": "2024-08-18 19:06:12 +0000"
    },
    "done": true
  },
  "minecraft:recipes/food/cooked_mutton_from_smoking": {
    "criteria": {
      "has_mutton": "2024-08-18 18:02:23 +0000"
    },
    "done": true
  },
  "minecraft:recipes/building_blocks/cracked_nether_bricks": {
    "criteria": {
      "has_nether_bricks": "2024-08-18 20:32:08 +0000"
    },
    "done": true
  },
  "minecraft:recipes/decorations/brick_wall_from_bricks_stonecutting": {
    "criteria": {
      "has_bricks": "2024-08-18 20:04:21 +0000"
    },
    "done": true
  },
  "minecraft:recipes/decorations/chain": {
    "criteria": {
      "has_iron_ingot": "2024-08-18 18:24:10 +0000"
    },
    "done": true
  },
  "vampirism:recipes/vampirism/vampire/blood_infused_enhanced_iron_ingot": {
    "criteria": {
      "has_iron": "2024-08-18 18:24:10 +0000"
    },
    "done": true
  },
  "minecraft:recipes/decorations/yellow_bed": {
    "criteria": {
      "has_yellow_wool": "2024-08-18 19:14:01 +0000"
    },
    "done": true
  },
  "securitycraft:recipes/securitycraft/reinforced_warped_fence_gate": {
    "criteria": {
      "has_stick": "2024-08-18 18:10:11 +0000"
    },
    "done": true
  },
  "securitycraft:recipes/securitycraft/reinforced_dispenser": {
    "criteria": {
      "has_bow": "2024-08-18 19:51:55 +0000"
    },
    "done": true
  },
  "minecraft:recipes/decorations/nether_brick_wall_from_nether_bricks_stonecutting": {
    "criteria": {
      "has_nether_bricks": "2024-08-18 20:32:08 +0000"
    },
    "done": true
  },
  "minecraft:recipes/decorations/oak_fence": {
    "criteria": {
      "has_planks": "2024-08-18 18:01:13 +0000"
    },
    "done": true
  },
  "securitycraft:recipes/securitycraft/reinforced_light_gray_stained_glass_pane_from_glass": {
    "criteria": {
      "has_glass": "2024-08-18 19:16:37 +0000"
    },
    "done": true
  },
  "securitycraft:recipes/securitycraft/reinforced_yellow_stained_glass_pane_from_glass": {
    "criteria": {
      "has_glass": "2024-08-18 19:16:37 +0000"
    },
    "done": true
  },
  "securitycraft:recipes/securitycraft/reinforced_sticky_piston": {
    "criteria": {
      "has_slime_ball": "2024-08-18 18:50:21 +0000"
    },
    "done": true
  },
  "vampirism:recipes/vampirism/vampire/blood_pedestal": {
    "criteria": {
      "has_gold": "2024-08-18 20:05:24 +0000"
    },
    "done": true
  },
  "minecraft:recipes/building_blocks/light_blue_stained_glass": {
    "criteria": {
      "has_glass": "2024-08-18 19:16:37 +0000"
    },
    "done": true
  },
  "minecraft:recipes/food/baked_potato_from_campfire_cooking": {
    "criteria": {
      "has_potato": "2024-08-18 18:04:53 +0000"
    },
    "done": true
  },
  "minecraft:recipes/building_blocks/orange_concrete_powder": {
    "criteria": {
      "has_sand": "2024-08-18 19:10:39 +0000"
    },
    "done": true
  },
  "minecraft:recipes/food/cooked_porkchop": {
    "criteria": {
      "has_porkchop": "2024-08-18 19:08:16 +0000"
    },
    "done": true
  },
  "minecraft:recipes/building_blocks/oak_slab": {
    "criteria": {
      "has_planks": "2024-08-18 18:01:13 +0000"
    },
    "done": true
  },
  "create:recipes/create.base/crafting/kinetics/red_seat": {
    "criteria": {
      "has_wool": "2024-08-18 18:02:23 +0000"
    },
    "done": true
  },
  "securitycraft:recipes/securitycraft/reinforced_gray_stained_glass": {
    "criteria": {
      "has_glass": "2024-08-18 19:16:37 +0000"
    },
    "done": true
  },
  "securitycraft:recipes/securitycraft/reinforced_crimson_fence": {
    "criteria": {
      "has_stick": "2024-08-18 18:10:11 +0000"
    },
    "done": true
  },
  "minecraft:recipes/food/cooked_porkchop_from_campfire_cooking": {
    "criteria": {
      "has_porkchop": "2024-08-18 19:08:16 +0000"
    },
    "done": true
  },
  "vampirism:main/ancient_knowledge": {
    "criteria": {
      "blood_container": "2024-08-18 20:12:49 +0000"
    },
    "done": true
  },
  "minecraft:recipes/building_blocks/black_wool": {
    "criteria": {
      "has_white_wool": "2024-08-18 18:02:23 +0000"
    },
    "done": true
  },
  "minecraft:recipes/combat/golden_chestplate": {
    "criteria": {
      "has_gold_ingot": "2024-08-18 20:05:24 +0000"
    },
    "done": true
  },
  "minecraft:recipes/brewing/glass_bottle": {
    "criteria": {
      "has_glass": "2024-08-18 19:16:37 +0000"
    },
    "done": true
  },
  "farmersdelight:recipes/farmersdelight/mutton_wrap": {
    "criteria": {
      "has_mutton": "2024-08-18 18:12:52 +0000"
    },
    "done": true
  },
  "minecraft:recipes/building_blocks/nether_brick_stairs_from_nether_bricks_stonecutting": {
    "criteria": {
      "has_nether_bricks": "2024-08-18 20:32:08 +0000"
    },
    "done": true
  },
  "minecraft:recipes/building_blocks/iron_block": {
    "criteria": {
      "has_iron_ingot": "2024-08-18 18:24:10 +0000"
    },
    "done": true
  },
  "vampirism:recipes/vampirism/general/church_altar": {
    "criteria": {
      "has_vampire_book": "2024-08-18 18:01:13 +0000"
    },
    "done": true
  },
  "minecraft:recipes/travelersbackpack/light_blue_sleeping_bag_from_white_sleeping_bag": {
    "criteria": {
      "has_sleeping_bag": "2024-08-18 19:17:33 +0000"
    },
    "done": true
  },
  "securitycraft:recipes/securitycraft/reinforced_black_stained_glass_pane_from_glass": {
    "criteria": {
      "has_glass": "2024-08-18 19:16:37 +0000"
    },
    "done": true
  },
  "create:recipes/create.palettes/framed_glass_from_glass_colorless_stonecutting": {
    "criteria": {
      "has_glass_colorless": "2024-08-18 19:16:37 +0000"
    },
    "done": true
  },
  "duneons:youcabreakthrough": {
    "criteria": {
      "youcabreakthrough": "2024-08-18 19:25:18 +0000"
    },
    "done": true
  },
  "minecraft:recipes/misc/yellow_dye_from_dandelion": {
    "criteria": {
      "has_yellow_flower": "2024-08-18 19:10:21 +0000"
    },
    "done": true
  },
  "minecraft:recipes/building_blocks/green_stained_glass": {
    "criteria": {
      "has_glass": "2024-08-18 19:16:37 +0000"
    },
    "done": true
  },
  "securitycraft:recipes/securitycraft/reinforced_birch_fence": {
    "criteria": {
      "has_stick": "2024-08-18 18:10:11 +0000"
    },
    "done": true
  },
  "create:recipes/create.base/crafting/materials/andesite_alloy": {
    "criteria": {
      "has_item": "2024-08-18 18:24:10 +0000"
    },
    "done": true
  },
  "minecraft:recipes/building_blocks/light_blue_wool": {
    "criteria": {
      "has_white_wool": "2024-08-18 18:02:23 +0000"
    },
    "done": true
  },
  "vampirism:recipes/vampirism/general/injection_0": {
    "criteria": {
      "has_glass": "2024-08-18 19:16:37 +0000"
    },
    "done": true
  },
  "minecraft:recipes/combat/wooden_sword": {
    "criteria": {
      "has_stick": "2024-08-18 18:10:11 +0000"
    },
    "done": true
  },
  "minecraft:recipes/building_blocks/oak_planks": {
    "criteria": {
      "has_logs": "2024-08-18 18:01:04 +0000"
    },
    "done": true
  },
  "minecraft:recipes/building_blocks/gray_concrete_powder": {
    "criteria": {
      "has_sand": "2024-08-18 19:10:39 +0000"
    },
    "done": true
  },
  "create:recipes/create.base/crafting/kinetics/cyan_seat": {
    "criteria": {
      "has_wool": "2024-08-18 18:02:23 +0000"
    },
    "done": true
  },
  "securitycraft:recipes/securitycraft/smart_module": {
    "criteria": {
      "has_iron": "2024-08-18 18:24:10 +0000"
    },
    "done": true
  },
  "minecraft:recipes/building_blocks/bookshelf": {
    "criteria": {
      "has_book": "2024-08-18 19:55:09 +0000"
    },
    "done": true
  },
  "minecraft:recipes/tools/golden_axe": {
    "criteria": {
      "has_gold_ingot": "2024-08-18 20:05:24 +0000"
    },
    "done": true
  },
  "securitycraft:recipes/securitycraft/block_change_detector": {
    "criteria": {
      "has_iron": "2024-08-18 18:24:10 +0000"
    },
    "done": true
  },
  "vampirism:recipes/vampirism/general/vampire_rack": {
    "criteria": {
      "has_planks": "2024-08-18 18:01:13 +0000"
    },
    "done": true
  },
  "minecraft:recipes/tools/iron_axe": {
    "criteria": {
      "has_iron_ingot": "2024-08-18 18:24:10 +0000"
    },
    "done": true
  },
  "minecraft:recipes/building_blocks/glowstone": {
    "criteria": {
      "has_glowstone_dust": "2024-08-18 18:20:07 +0000"
    },
    "done": true
  },
  "minecraft:recipes/redstone/tripwire_hook": {
    "criteria": {
      "has_string": "2024-08-18 18:16:56 +0000"
    },
    "done": true
  },
  "vampirism:recipes/vampirism/vampire/candelabra": {
    "criteria": {
      "has_string": "2024-08-18 18:16:56 +0000"
    },
    "done": true
  },
  "securitycraft:recipes/securitycraft/reinforced_acacia_fence": {
    "criteria": {
      "has_stick": "2024-08-18 18:10:11 +0000"
    },
    "done": true
  },
  "minecraft:recipes/combat/iron_boots": {
    "criteria": {
      "has_iron_ingot": "2024-08-18 18:24:10 +0000"
    },
    "done": true
  },
  "minecraft:recipes/misc/bone_meal": {
    "criteria": {
      "has_bone": "2024-08-18 18:07:46 +0000"
    },
    "done": true
  },
  "minecraft:recipes/building_blocks/black_concrete_powder": {
    "criteria": {
      "has_sand": "2024-08-18 19:10:39 +0000"
    },
    "done": true
  },
  "vampirism:hunter/betrayal": {
    "criteria": {
      "kill": "2024-08-18 18:58:13 +0000"
    },
    "done": false
  },
  "farmersdelight:recipes/farmersdelight/iron_knife": {
    "criteria": {
      "has_iron_ingot": "2024-08-18 18:24:10 +0000"
    },
    "done": true
  },
  "minecraft:recipes/travelersbackpack/gray_sleeping_bag_from_white_sleeping_bag": {
    "criteria": {
      "has_sleeping_bag": "2024-08-18 19:17:33 +0000"
    },
    "done": true
  },
  "minecraft:recipes/combat/iron_chestplate": {
    "criteria": {
      "has_iron_ingot": "2024-08-18 18:24:10 +0000"
    },
    "done": true
  },
  "minecraft:recipes/combat/crossbow": {
    "criteria": {
      "has_stick": "2024-08-18 18:10:11 +0000"
    },
    "done": true
  },
  "minecraft:recipes/building_blocks/yellow_wool": {
    "criteria": {
      "has_white_wool": "2024-08-18 18:02:23 +0000"
    },
    "done": true
  },
  "minecraft:recipes/redstone/spruce_pressure_plate": {
    "criteria": {
      "has_planks": "2024-08-18 18:05:13 +0000"
    },
    "done": true
  },
  "minecraft:recipes/decorations/oak_sign": {
    "criteria": {
      "has_oak_planks": "2024-08-18 18:01:13 +0000"
    },
    "done": true
  },
  "minecraft:recipes/food/cooked_porkchop_from_smoking": {
    "criteria": {
      "has_porkchop": "2024-08-18 19:08:16 +0000"
    },
    "done": true
  },
  "minecraft:recipes/redstone/oak_trapdoor": {
    "criteria": {
      "has_planks": "2024-08-18 18:01:13 +0000"
    },
    "done": true
  },
  "create:recipes/create.base/crafting/kinetics/empty_blaze_burner": {
    "criteria": {
      "has_item": "2024-08-18 18:24:10 +0000"
    },
    "done": true
  },
  "minecraft:recipes/building_blocks/chiseled_nether_bricks": {
    "criteria": {
      "has_nether_bricks": "2024-08-18 20:32:08 +0000"
    },
    "done": true
  },
  "minecraft:recipes/building_blocks/red_concrete_powder": {
    "criteria": {
      "has_sand": "2024-08-18 19:10:39 +0000"
    },
    "done": true
  },
  "create:recipes/create.palettes/spruce_window": {
    "criteria": {
      "has_ingredient": "2024-08-18 18:05:13 +0000"
    },
    "done": true
  },
  "minecraft:recipes/building_blocks/nether_brick_slab_from_nether_bricks_stonecutting": {
    "criteria": {
      "has_nether_bricks": "2024-08-18 20:32:08 +0000"
    },
    "done": true
  },
  "minecraft:recipes/misc/iron_nugget_from_blasting": {
    "criteria": {
      "has_iron_axe": "2024-08-18 19:06:12 +0000"
    },
    "done": true
  },
  "securitycraft:recipes/securitycraft/reinforced_blue_stained_glass": {
    "criteria": {
      "has_glass": "2024-08-18 19:16:37 +0000"
    },
    "done": true
  },
  "securitycraft:recipes/securitycraft/reinforced_diorite": {
    "criteria": {
      "has_cobblestone": "2024-08-18 18:05:53 +0000"
    },
    "done": true
  },
  "securitycraft:recipes/securitycraft/reinforced_brown_stained_glass": {
    "criteria": {
      "has_glass": "2024-08-18 19:16:37 +0000"
    },
    "done": true
  },
  "securitycraft:recipes/securitycraft/trophy_system": {
    "criteria": {
      "has_iron": "2024-08-18 18:24:10 +0000"
    },
    "done": true
  },
  "minecraft:adventure/kill_a_mob": {
    "criteria": {
      "minecraft:zombie": "2024-08-18 18:15:37 +0000"
    },
    "done": true
  },
  "securitycraft:recipes/securitycraft/camera_monitor": {
    "criteria": {
      "has_iron": "2024-08-18 18:24:10 +0000"
    },
    "done": true
  },
  "minecraft:recipes/tools/golden_pickaxe": {
    "criteria": {
      "has_gold_ingot": "2024-08-18 20:05:24 +0000"
    },
    "done": true
  },
  "securitycraft:recipes/securitycraft/reinforced_orange_stained_glass_pane_from_dye": {
    "criteria": {
      "has_glass": "2024-08-18 19:16:37 +0000"
    },
    "done": true
  },
  "securitycraft:recipes/securitycraft/limited_use_keycard": {
    "criteria": {
      "has_iron": "2024-08-18 18:24:10 +0000"
    },
    "done": true
  },
  "minecraft:recipes/redstone/sticky_piston": {
    "criteria": {
      "has_slime_ball": "2024-08-18 18:50:21 +0000"
    },
    "done": true
  },
  "tombstone:recipes/from_grave_dust": {
    "criteria": {
      "has_ingredient": "2024-08-18 17:56:39 +0000"
    },
    "done": true
  },
  "minecraft:recipes/building_blocks/stone": {
    "criteria": {
      "has_cobblestone": "2024-08-18 18:05:53 +0000"
    },
    "done": true
  },
  "vampirism:recipes/misc/gold_nugget_from_accessory_smelting": {
    "criteria": {
      "has_ring": "2024-08-18 18:24:10 +0000"
    },
    "done": true
  },
  "minecraft:adventure/adventuring_time": {
    "criteria": {
      "minecraft:forest": "2024-08-18 17:40:10 +0000",
      "minecraft:mountains": "2024-08-18 19:04:03 +0000",
      "minecraft:birch_forest": "2024-08-18 19:47:21 +0000",
      "minecraft:beach": "2024-08-18 18:34:04 +0000",
      "minecraft:dark_forest": "2024-08-18 18:03:23 +0000",
      "minecraft:river": "2024-08-18 18:03:20 +0000",
      "minecraft:wooded_mountains": "2024-08-18 19:04:37 +0000",
      "minecraft:swamp": "2024-08-18 18:06:28 +0000",
      "minecraft:plains": "2024-08-18 18:33:53 +0000"
    },
    "done": false
  },
  "securitycraft:recipes/securitycraft/whitelist_module": {
    "criteria": {
      "has_iron": "2024-08-18 18:24:10 +0000"
    },
    "done": true
  },
  "minecraft:recipes/combat/stone_sword": {
    "criteria": {
      "has_cobblestone": "2024-08-18 18:05:53 +0000"
    },
    "done": true
  },
  "minecraft:recipes/decorations/cobblestone_wall": {
    "criteria": {
      "has_cobblestone": "2024-08-18 18:05:53 +0000"
    },
    "done": true
  },
  "securitycraft:recipes/securitycraft/reinforced_warped_fence": {
    "criteria": {
      "has_stick": "2024-08-18 18:10:11 +0000"
    },
    "done": true
  },
  "vampirism:recipes/food/general/garlic_bread": {
    "criteria": {
      "has_bread": "2024-08-18 19:02:38 +0000"
    },
    "done": true
  },
  "minecraft:recipes/decorations/barrel": {
    "criteria": {
      "has_planks": "2024-08-18 18:01:13 +0000"
    },
    "done": true
  },
  "minecraft:recipes/brewing/fermented_spider_eye": {
    "criteria": {
      "has_spider_eye": "2024-08-18 18:17:27 +0000"
    },
    "done": true
  },
  "minecraft:recipes/tools/stone_pickaxe": {
    "criteria": {
      "has_cobblestone": "2024-08-18 18:05:53 +0000"
    },
    "done": true
  },
  "minecraft:recipes/decorations/smithing_table": {
    "criteria": {
      "has_iron_ingot": "2024-08-18 18:24:10 +0000"
    },
    "done": true
  },
  "vampirism:recipes/vampirism/dark_spruce_boat": {
    "criteria": {
      "in_water": "2024-08-18 18:03:20 +0000"
    },
    "done": true
  },
  "minecraft:recipes/building_blocks/brown_stained_glass": {
    "criteria": {
      "has_glass": "2024-08-18 19:16:37 +0000"
    },
    "done": true
  },
  "minecraft:recipes/combat/leather_boots": {
    "criteria": {
      "has_leather": "2024-08-18 19:19:17 +0000"
    },
    "done": true
  },
  "minecraft:recipes/decorations/cobblestone_wall_from_cobblestone_stonecutting": {
    "criteria": {
      "has_cobblestone": "2024-08-18 18:05:53 +0000"
    },
    "done": true
  },
  "securitycraft:recipes/securitycraft/reinforced_magenta_stained_glass_pane_from_dye": {
    "criteria": {
      "has_glass": "2024-08-18 19:16:37 +0000"
    },
    "done": true
  },
  "minecraft:recipes/building_blocks/light_gray_stained_glass": {
    "criteria": {
      "has_glass": "2024-08-18 19:16:37 +0000"
    },
    "done": true
  },
  "vampirism:recipes/vampirism/alchemy_table/plant_oil": {
    "criteria": {
      "has_wheat_seeds": "2024-08-18 18:01:22 +0000"
    },
    "done": true
  },
  "create:recipes/create.base/crafting/kinetics/white_seat": {
    "criteria": {
      "has_wool": "2024-08-18 18:02:23 +0000"
    },
    "done": true
  },
  "minecraft:recipes/decorations/yellow_carpet": {
    "criteria": {
      "has_yellow_wool": "2024-08-18 19:14:01 +0000"
    },
    "done": true
  },
  "vampirism:recipes/vampirism/vampire/chandelier": {
    "criteria": {
      "has_string": "2024-08-18 18:16:56 +0000"
    },
    "done": true
  },
  "minecraft:recipes/building_blocks/brick_slab": {
    "criteria": {
      "has_brick_block": "2024-08-18 20:04:21 +0000"
    },
    "done": true
  },
  "minecraft:recipes/travelersbackpack/magenta_sleeping_bag_from_white_sleeping_bag": {
    "criteria": {
      "has_sleeping_bag": "2024-08-18 19:17:33 +0000"
    },
    "done": true
  },
  "securitycraft:recipes/securitycraft/universal_owner_changer": {
    "criteria": {
      "has_name_tag": "2024-08-18 20:16:06 +0000"
    },
    "done": true
  },
  "minecraft:recipes/decorations/lantern": {
    "criteria": {
      "has_iron_ingot": "2024-08-18 18:24:10 +0000"
    },
    "done": true
  },
  "vampirism:recipes/vampirism/weapontable/crucifix_ultimate": {
    "criteria": {
      "holy_water": "2024-08-18 18:58:16 +0000"
    },
    "done": true
  },
  "securitycraft:recipes/securitycraft/reinforced_oak_fence_gate": {
    "criteria": {
      "has_stick": "2024-08-18 18:10:11 +0000"
    },
    "done": true
  },
  "securitycraft:recipes/securitycraft/reinforced_pink_stained_glass_pane_from_glass": {
    "criteria": {
      "has_glass": "2024-08-18 19:16:37 +0000"
    },
    "done": true
  },
  "vampirism:recipes/vampirism/hunter/weapon_table": {
    "criteria": {
      "has_iron_ingot": "2024-08-18 18:24:10 +0000"
    },
    "done": true
  },
  "minecraft:recipes/building_blocks/light_gray_wool": {
    "criteria": {
      "has_white_wool": "2024-08-18 18:02:23 +0000"
    },
    "done": true
  },
  "securitycraft:recipes/securitycraft/reinforced_lime_stained_glass_pane_from_glass": {
    "criteria": {
      "has_glass": "2024-08-18 19:16:37 +0000"
    },
    "done": true
  },
  "minecraft:recipes/building_blocks/red_wool": {
    "criteria": {
      "has_white_wool": "2024-08-18 18:02:23 +0000"
    },
    "done": true
  },
  "vampirism:recipes/vampirism/general/tombstone2": {
    "criteria": {
      "has_coble": "2024-08-18 18:05:53 +0000"
    },
    "done": true
  },
  "minecraft:recipes/tools/stone_axe": {
    "criteria": {
      "has_cobblestone": "2024-08-18 18:05:53 +0000"
    },
    "done": true
  },
  "minecraft:recipes/food/cooked_mutton": {
    "criteria": {
      "has_mutton": "2024-08-18 18:02:23 +0000"
    },
    "done": true
  },
  "securitycraft:recipes/securitycraft/reinforced_cyan_stained_glass_pane_from_glass": {
    "criteria": {
      "has_glass": "2024-08-18 19:16:37 +0000"
    },
    "done": true
  },
  "securitycraft:recipes/securitycraft/disguise_module": {
    "criteria": {
      "has_iron": "2024-08-18 18:24:10 +0000"
    },
    "done": true
  },
  "securitycraft:recipes/securitycraft/reinforced_dark_oak_fence": {
    "criteria": {
      "has_stick": "2024-08-18 18:10:11 +0000"
    },
    "done": true
  },
  "tombstone:adventure/ambush": {
    "criteria": {
      "coded_trigger": "2024-08-18 18:20:07 +0000"
    },
    "done": true
  },
  "minecraft:recipes/building_blocks/purple_wool": {
    "criteria": {
      "has_white_wool": "2024-08-18 18:02:23 +0000"
    },
    "done": true
  },
  "vampirism:recipes/vampirism/vampire/altar_infusion": {
    "criteria": {
      "has_gold": "2024-08-18 20:05:24 +0000"
    },
    "done": true
  },
  "minecraft:recipes/building_blocks/cobblestone_stairs_from_cobblestone_stonecutting": {
    "criteria": {
      "has_cobblestone": "2024-08-18 18:05:53 +0000"
    },
    "done": true
  },
  "minecraft:recipes/building_blocks/magenta_concrete_powder": {
    "criteria": {
      "has_sand": "2024-08-18 19:10:39 +0000"
    },
    "done": true
  },
  "create:recipes/create.palettes/horizontal_framed_glass_from_glass_colorless_stonecutting": {
    "criteria": {
      "has_glass_colorless": "2024-08-18 19:16:37 +0000"
    },
    "done": true
  },
  "create:recipes/create.base/crafting/kinetics/blue_seat": {
    "criteria": {
      "has_wool": "2024-08-18 18:02:23 +0000"
    },
    "done": true
  },
  "minecraft:recipes/misc/writable_book": {
    "criteria": {
      "has_book": "2024-08-18 19:55:09 +0000"
    },
    "done": true
  },
  "minecraft:recipes/decorations/white_bed": {
    "criteria": {
      "has_white_wool": "2024-08-18 18:02:23 +0000"
    },
    "done": true
  },
  "securitycraft:recipes/securitycraft/reinforced_spruce_fence": {
    "criteria": {
      "has_stick": "2024-08-18 18:10:11 +0000"
    },
    "done": true
  },
  "securitycraft:recipes/securitycraft/reinforced_green_stained_glass_pane_from_dye": {
    "criteria": {
      "has_glass": "2024-08-18 19:16:37 +0000"
    },
    "done": true
  },
  "vampirism:recipes/vampirism/general/fire_place": {
    "criteria": {
      "has_logs": "2024-08-18 18:01:04 +0000"
    },
    "done": true
  },
  "vampirism:recipes/vampirism/general/church_altar_new": {
    "criteria": {
      "has_book": "2024-08-18 19:55:09 +0000"
    },
    "done": true
  },
  "minecraft:recipes/building_blocks/stone_brick_slab_from_stone_bricks_stonecutting": {
    "criteria": {
      "has_stone_bricks": "2024-08-18 19:06:24 +0000"
    },
    "done": true
  },
  "minecraft:recipes/travelersbackpack/black_sleeping_bag_from_white_sleeping_bag": {
    "criteria": {
      "has_sleeping_bag": "2024-08-18 19:17:33 +0000"
    },
    "done": true
  },
  "minecraft:recipes/decorations/campfire": {
    "criteria": {
      "has_stick": "2024-08-18 18:10:11 +0000"
    },
    "done": true
  },
  "minecraft:recipes/tools/golden_hoe": {
    "criteria": {
      "has_gold_ingot": "2024-08-18 20:05:24 +0000"
    },
    "done": true
  },
  "minecraft:recipes/misc/iron_nugget": {
    "criteria": {
      "has_iron_ingot": "2024-08-18 18:24:10 +0000"
    },
    "done": true
  },
  "securitycraft:recipes/securitycraft/reinforced_light_blue_stained_glass_pane_from_dye": {
    "criteria": {
      "has_glass": "2024-08-18 19:16:37 +0000"
    },
    "done": true
  },
  "minecraft:recipes/building_blocks/brown_concrete_powder": {
    "criteria": {
      "has_sand": "2024-08-18 19:10:39 +0000"
    },
    "done": true
  },
  "minecraft:recipes/decorations/nether_brick_wall": {
    "criteria": {
      "has_nether_bricks": "2024-08-18 20:32:08 +0000"
    },
    "done": true
  },
  "securitycraft:recipes/securitycraft/reinforced_red_stained_glass_pane_from_glass": {
    "criteria": {
      "has_glass": "2024-08-18 19:16:37 +0000"
    },
    "done": true
  },
  "securitycraft:recipes/securitycraft/track_mine": {
    "criteria": {
      "has_iron": "2024-08-18 18:24:10 +0000"
    },
    "done": true
  },
  "vampirism:recipes/vampirism/vampire/coffin_yellow": {
    "criteria": {
      "has_wool": "2024-08-18 19:14:01 +0000"
    },
    "done": true
  },
  "minecraft:recipes/building_blocks/blue_stained_glass": {
    "criteria": {
      "has_glass": "2024-08-18 19:16:37 +0000"
    },
    "done": true
  },
  "minecraft:recipes/building_blocks/cyan_wool": {
    "criteria": {
      "has_white_wool": "2024-08-18 18:02:23 +0000"
    },
    "done": true
  },
  "portablemobs:recipes/portablemobs/basic_capture_cell": {
    "criteria": {
      "recipe_condition": "2024-08-18 18:10:11 +0000"
    },
    "done": true
  },
  "tombstone:adventure/cancel_ghostly_shape": {
    "criteria": {
      "coded_trigger": "2024-08-18 17:56:36 +0000"
    },
    "done": true
  },
  "minecraft:recipes/transportation/spruce_boat": {
    "criteria": {
      "in_water": "2024-08-18 18:03:20 +0000"
    },
    "done": true
  },
  "securitycraft:recipes/securitycraft/reinforced_oak_fence": {
    "criteria": {
      "has_stick": "2024-08-18 18:10:11 +0000"
    },
    "done": true
  },
  "minecraft:recipes/building_blocks/cracked_stone_bricks": {
    "criteria": {
      "has_stone_bricks": "2024-08-18 19:06:24 +0000"
    },
    "done": true
  },
  "securitycraft:recipes/securitycraft/blacklist_module": {
    "criteria": {
      "has_iron": "2024-08-18 18:24:10 +0000"
    },
    "done": true
  },
  "create:recipes/create.palettes/oak_window": {
    "criteria": {
      "has_ingredient": "2024-08-18 18:01:13 +0000"
    },
    "done": true
  },
  "securitycraft:recipes/securitycraft/speed_module": {
    "criteria": {
      "has_iron": "2024-08-18 18:24:10 +0000"
    },
    "done": true
  },
  "securitycraft:recipes/securitycraft/reinforced_blue_stained_glass_pane_from_dye": {
    "criteria": {
      "has_glass": "2024-08-18 19:16:37 +0000"
    },
    "done": true
  },
  "tombstone:adventure/bone_crusher": {
    "criteria": {
      "coded_trigger": "2024-08-18 20:18:25 +0000"
    },
    "done": true
  },
  "securitycraft:recipes/securitycraft/harming_module": {
    "criteria": {
      "has_iron": "2024-08-18 18:24:10 +0000"
    },
    "done": true
  },
  "tombstone:adventure/chain_death": {
    "criteria": {
      "coded_trigger": "2024-08-18 18:51:54 +0000"
    },
    "done": true
  },
  "minecraft:recipes/building_blocks/gray_wool": {
    "criteria": {
      "has_white_wool": "2024-08-18 18:02:23 +0000"
    },
    "done": true
  },
  "minecraft:recipes/misc/gold_nugget": {
    "criteria": {
      "has_gold_ingot": "2024-08-18 20:05:24 +0000"
    },
    "done": true
  },
  "tombstone:adventure/find_grave_dust": {
    "criteria": {
      "from_undead": "2024-08-18 18:34:44 +0000"
    },
    "done": true
  },
  "create:recipes/create.palettes/vertical_framed_glass_from_glass_colorless_stonecutting": {
    "criteria": {
      "has_glass_colorless": "2024-08-18 19:16:37 +0000"
    },
    "done": true
  },
  "minecraft:husbandry/balanced_diet": {
    "criteria": {
      "cooked_porkchop": "2024-08-18 19:52:29 +0000",
      "cooked_mutton": "2024-08-18 18:35:22 +0000",
      "cooked_beef": "2024-08-18 18:12:32 +0000",
      "potato": "2024-08-18 18:06:46 +0000",
      "mutton": "2024-08-18 20:10:05 +0000",
      "bread": "2024-08-18 19:05:12 +0000",
      "cooked_chicken": "2024-08-18 18:43:10 +0000"
    },
    "done": false
  },
  "tombstone:recipes/from_grave_key": {
    "criteria": {
      "has_ingredient": "2024-08-18 18:35:30 +0000"
    },
    "done": true
  },
  "minecraft:recipes/tools/wooden_hoe": {
    "criteria": {
      "has_stick": "2024-08-18 18:10:11 +0000"
    },
    "done": true
  },
  "vampirism:recipes/vampirism/hunter/crossbow_arrow_from_vanilla": {
    "criteria": {
      "has_arrow": "2024-08-18 18:23:11 +0000"
    },
    "done": true
  },
  "securitycraft:recipes/securitycraft/reinforced_light_gray_stained_glass": {
    "criteria": {
      "has_glass": "2024-08-18 19:16:37 +0000"
    },
    "done": true
  },
  "minecraft:recipes/misc/bucket": {
    "criteria": {
      "has_iron_ingot": "2024-08-18 18:24:10 +0000"
    },
    "done": true
  },
  "minecraft:recipes/building_blocks/cobblestone_stairs": {
    "criteria": {
      "has_cobblestone": "2024-08-18 18:05:53 +0000"
    },
    "done": true
  },
  "minecraft:recipes/building_blocks/stone_brick_stairs_from_stone_bricks_stonecutting": {
    "criteria": {
      "has_stone_bricks": "2024-08-18 19:06:24 +0000"
    },
    "done": true
  },
  "securitycraft:recipes/securitycraft/reinforced_light_blue_stained_glass_pane_from_glass": {
    "criteria": {
      "has_glass": "2024-08-18 19:16:37 +0000"
    },
    "done": true
  },
  "securitycraft:recipes/securitycraft/reinforced_bookshelf": {
    "criteria": {
      "has_book": "2024-08-18 19:55:09 +0000"
    },
    "done": true
  },
  "vampirism:recipes/vampirism/vampire/altar_pillar": {
    "criteria": {
      "has_stones": "2024-08-18 19:06:24 +0000"
    },
    "done": true
  },
  "minecraft:recipes/travelersbackpack/green_sleeping_bag_from_white_sleeping_bag": {
    "criteria": {
      "has_sleeping_bag": "2024-08-18 19:17:33 +0000"
    },
    "done": true
  },
  "tombstone:adventure/first_grave": {
    "criteria": {
      "coded_trigger": "2024-08-18 18:35:23 +0000"
    },
    "done": true
  },
  "securitycraft:recipes/securitycraft/redstone_module": {
    "criteria": {
      "has_iron": "2024-08-18 18:24:10 +0000"
    },
    "done": true
  },
  "tombstone:adventure/fortuitous_militia": {
    "criteria": {
      "coded_trigger": "2024-08-18 19:07:53 +0000"
    },
    "done": true
  },
  "minecraft:recipes/decorations/white_banner": {
    "criteria": {
      "has_white_wool": "2024-08-18 18:02:23 +0000"
    },
    "done": true
  },
  "minecraft:recipes/building_blocks/light_blue_concrete_powder": {
    "criteria": {
      "has_sand": "2024-08-18 19:10:39 +0000"
    },
    "done": true
  },
  "create:recipes/create.base/crafting/kinetics/purple_seat": {
    "criteria": {
      "has_wool": "2024-08-18 18:02:23 +0000"
    },
    "done": true
  },
  "vampirism:recipes/vampirism/vampire/altar_inspiration": {
    "criteria": {
      "has_planks": "2024-08-18 18:01:13 +0000"
    },
    "done": true
  },
  "minecraft:recipes/travelersbackpack/pink_sleeping_bag_from_white_sleeping_bag": {
    "criteria": {
      "has_sleeping_bag": "2024-08-18 19:17:33 +0000"
    },
    "done": true
  },
  "minecraft:recipes/decorations/mossy_cobblestone_wall": {
    "criteria": {
      "has_mossy_cobblestone": "2024-08-18 18:22:59 +0000"
    },
    "done": true
  },
  "minecraft:recipes/misc/leather_horse_armor": {
    "criteria": {
      "has_leather": "2024-08-18 19:19:17 +0000"
    },
    "done": true
  },
  "minecraft:recipes/building_blocks/glass": {
    "criteria": {
      "has_sand": "2024-08-18 19:10:39 +0000"
    },
    "done": true
  },
  "minecraft:recipes/combat/iron_helmet": {
    "criteria": {
      "has_iron_ingot": "2024-08-18 18:24:10 +0000"
    },
    "done": true
  },
  "minecraft:recipes/tools/golden_shovel": {
    "criteria": {
      "has_gold_ingot": "2024-08-18 20:05:24 +0000"
    },
    "done": true
  },
  "minecraft:recipes/combat/bow": {
    "criteria": {
      "has_string": "2024-08-18 18:16:56 +0000"
    },
    "done": true
  },
  "minecraft:recipes/decorations/mossy_cobblestone_wall_from_mossy_cobblestone_stonecutting": {
    "criteria": {
      "has_mossy_cobblestone": "2024-08-18 18:22:59 +0000"
    },
    "done": true
  },
  "minecraft:recipes/redstone/oak_fence_gate": {
    "criteria": {
      "has_planks": "2024-08-18 18:01:13 +0000"
    },
    "done": true
  },
  "minecraft:recipes/redstone/tnt": {
    "criteria": {
      "has_gunpowder": "2024-08-18 18:20:07 +0000"
    },
    "done": true
  },
  "minecraft:recipes/building_blocks/purple_concrete_powder": {
    "criteria": {
      "has_sand": "2024-08-18 19:10:39 +0000"
    },
    "done": true
  },
  "securitycraft:recipes/securitycraft/reinforced_birch_fence_gate": {
    "criteria": {
      "has_stick": "2024-08-18 18:10:11 +0000"
    },
    "done": true
  },
  "vampirism:recipes/vampirism/hunter/stake": {
    "criteria": {
      "has_sticks": "2024-08-18 18:10:11 +0000"
    },
    "done": true
  },
  "minecraft:story/mine_stone": {
    "criteria": {
      "get_stone": "2024-08-18 18:05:53 +0000"
    },
    "done": true
  },
  "securitycraft:recipes/securitycraft/reinforced_green_stained_glass_pane_from_glass": {
    "criteria": {
      "has_glass": "2024-08-18 19:16:37 +0000"
    },
    "done": true
  },
  "minecraft:recipes/decorations/furnace": {
    "criteria": {
      "has_cobblestone": "2024-08-18 18:05:53 +0000"
    },
    "done": true
  },
  "minecraft:recipes/transportation/minecart": {
    "criteria": {
      "has_iron_ingot": "2024-08-18 18:24:10 +0000"
    },
    "done": true
  },
  "securitycraft:recipes/securitycraft/reinforced_acacia_fence_gate": {
    "criteria": {
      "has_stick": "2024-08-18 18:10:11 +0000"
    },
    "done": true
  },
  "tombstone:adventure/create_magic_scroll": {
    "criteria": {
      "has_magic_scroll": "2024-08-18 20:16:06 +0000"
    },
    "done": true
  },
  "securitycraft:recipes/securitycraft/reinforced_gray_stained_glass_pane_from_glass": {
    "criteria": {
      "has_glass": "2024-08-18 19:16:37 +0000"
    },
    "done": true
  },
  "vampirism:recipes/vampirism/general/grave_cage": {
    "criteria": {
      "has_iron": "2024-08-18 18:24:10 +0000"
    },
    "done": true
  },
  "minecraft:recipes/misc/charcoal": {
    "criteria": {
      "has_log": "2024-08-18 18:01:04 +0000"
    },
    "done": true
  },
  "minecraft:recipes/building_blocks/orange_wool": {
    "criteria": {
      "has_white_wool": "2024-08-18 18:02:23 +0000"
    },
    "done": true
  },
  "minecraft:recipes/tools/iron_hoe": {
    "criteria": {
      "has_iron_ingot": "2024-08-18 18:24:10 +0000"
    },
    "done": true
  },
  "minecraft:recipes/tools/wooden_pickaxe": {
    "criteria": {
      "has_the_recipe": "2024-08-18 18:02:16 +0000"
    },
    "done": true
  },
  "securitycraft:recipes/securitycraft/reinforced_gray_stained_glass_pane_from_dye": {
    "criteria": {
      "has_glass": "2024-08-18 19:16:37 +0000"
    },
    "done": true
  },
  "vampirism:recipes/vampirism/cursed_spruce_boat": {
    "criteria": {
      "in_water": "2024-08-18 18:03:20 +0000"
    },
    "done": true
  },
  "minecraft:husbandry/root": {
    "criteria": {
      "consumed_item": "2024-08-18 18:06:46 +0000"
    },
    "done": true
  },
  "minecraft:recipes/building_blocks/stone_brick_slab": {
    "criteria": {
      "has_stone_bricks": "2024-08-18 19:06:24 +0000"
    },
    "done": true
  },
  "minecraft:recipes/transportation/birch_boat": {
    "criteria": {
      "in_water": "2024-08-18 18:03:20 +0000"
    },
    "done": true
  },
  "minecraft:recipes/food/golden_apple": {
    "criteria": {
      "has_gold_ingot": "2024-08-18 20:05:24 +0000"
    },
    "done": true
  },
  "tombstone:adventure/eat_easter_egg_food": {
    "criteria": {
      "coded_trigger": "2024-08-18 18:06:46 +0000"
    },
    "done": true
  },
  "securitycraft:recipes/securitycraft/reinforced_brown_stained_glass_pane_from_dye": {
    "criteria": {
      "has_glass": "2024-08-18 19:16:37 +0000"
    },
    "done": true
  },
  "securitycraft:recipes/securitycraft/sonic_security_system": {
    "criteria": {
      "has_stick": "2024-08-18 18:10:11 +0000"
    },
    "done": true
  },
  "minecraft:recipes/building_blocks/green_concrete_powder": {
    "criteria": {
      "has_sand": "2024-08-18 19:10:39 +0000"
    },
    "done": true
  },
  "minecraft:recipes/tools/iron_shovel": {
    "criteria": {
      "has_iron_ingot": "2024-08-18 18:24:10 +0000"
    },
    "done": true
  },
  "minecraft:recipes/building_blocks/orange_stained_glass": {
    "criteria": {
      "has_glass": "2024-08-18 19:16:37 +0000"
    },
    "done": true
  },
  "minecraft:recipes/travelersbackpack/blue_sleeping_bag_from_white_sleeping_bag": {
    "criteria": {
      "has_sleeping_bag": "2024-08-18 19:17:33 +0000"
    },
    "done": true
  },
  "minecraft:recipes/travelersbackpack/purple_sleeping_bag_from_white_sleeping_bag": {
    "criteria": {
      "has_sleeping_bag": "2024-08-18 19:17:33 +0000"
    },
    "done": true
  },
  "create:recipes/create.base/crafting/kinetics/brown_seat": {
    "criteria": {
      "has_wool": "2024-08-18 18:02:23 +0000"
    },
    "done": true
  },
  "farmersdelight:main/root": {
    "criteria": {
      "seeds": "2024-08-18 17:40:10 +0000"
    },
    "done": true
  },
  "minecraft:recipes/decorations/item_frame": {
    "criteria": {
      "has_leather": "2024-08-18 19:19:17 +0000"
    },
    "done": true
  },
  "minecraft:recipes/tools/stone_hoe": {
    "criteria": {
      "has_cobblestone": "2024-08-18 18:05:53 +0000"
    },
    "done": true
  },
  "minecraft:recipes/decorations/spruce_fence": {
    "criteria": {
      "has_planks": "2024-08-18 18:05:13 +0000"
    },
    "done": true
  },
  "securitycraft:recipes/securitycraft/reinforced_yellow_stained_glass": {
    "criteria": {
      "has_glass": "2024-08-18 19:16:37 +0000"
    },
    "done": true
  },
  "minecraft:recipes/travelersbackpack/lime_sleeping_bag_from_white_sleeping_bag": {
    "criteria": {
      "has_sleeping_bag": "2024-08-18 19:17:33 +0000"
    },
    "done": true
  },
  "minecraft:recipes/food/baked_potato_from_smoking": {
    "criteria": {
      "has_potato": "2024-08-18 18:04:53 +0000"
    },
    "done": true
  },
  "minecraft:recipes/combat/spectral_arrow": {
    "criteria": {
      "has_glowstone_dust": "2024-08-18 18:20:07 +0000"
    },
    "done": true
  },
  "vampirism:recipes/vampirism/hunter/hunter_table": {
    "criteria": {
      "has_fang": "2024-08-18 18:23:32 +0000"
    },
    "done": true
  },
  "minecraft:recipes/food/baked_potato": {
    "criteria": {
      "has_potato": "2024-08-18 18:04:53 +0000"
    },
    "done": true
  },
  "minecraft:recipes/decorations/white_carpet": {
    "criteria": {
      "has_white_wool": "2024-08-18 18:02:23 +0000"
    },
    "done": true
  },
  "minecraft:recipes/building_blocks/spruce_stairs": {
    "criteria": {
      "has_planks": "2024-08-18 18:05:13 +0000"
    },
    "done": true
  },
  "minecraft:recipes/travelersbackpack/light_gray_sleeping_bag_from_white_sleeping_bag": {
    "criteria": {
      "has_sleeping_bag": "2024-08-18 19:17:33 +0000"
    },
    "done": true
  },
  "minecraft:recipes/decorations/slime_block": {
    "criteria": {
      "has_slime_ball": "2024-08-18 18:50:21 +0000"
    },
    "done": true
  },
  "minecraft:recipes/decorations/glass_pane": {
    "criteria": {
      "has_glass": "2024-08-18 19:16:37 +0000"
    },
    "done": true
  },
  "create:root": {
    "criteria": {
      "0": "2024-08-18 17:40:10 +0000"
    },
    "done": true
  },
  "minecraft:recipes/building_blocks/magenta_stained_glass": {
    "criteria": {
      "has_glass": "2024-08-18 19:16:37 +0000"
    },
    "done": true
  },
  "tombstone:adventure/first_knowledge": {
    "criteria": {
      "coded_trigger": "2024-08-18 17:56:36 +0000"
    },
    "done": true
  },
  "minecraft:story/upgrade_tools": {
    "criteria": {
      "stone_pickaxe": "2024-08-18 18:13:03 +0000"
    },
    "done": true
  },
  "minecraft:recipes/transportation/oak_boat": {
    "criteria": {
      "in_water": "2024-08-18 18:03:20 +0000"
    },
    "done": true
  },
  "minecraft:recipes/building_blocks/cyan_concrete_powder": {
    "criteria": {
      "has_sand": "2024-08-18 19:10:39 +0000"
    },
    "done": true
  },
  "minecraft:recipes/building_blocks/stone_brick_stairs": {
    "criteria": {
      "has_stone_bricks": "2024-08-18 19:06:24 +0000"
    },
    "done": true
  },
  "minecraft:recipes/combat/golden_boots": {
    "criteria": {
      "has_gold_ingot": "2024-08-18 20:05:24 +0000"
    },
    "done": true
  },
  "farmersdelight:recipes/farmersdelight/roast_chicken_block": {
    "criteria": {
      "has_cooked_chicken": "2024-08-18 18:42:32 +0000"
    },
    "done": true
  },
  "minecraft:recipes/tools/wooden_axe": {
    "criteria": {
      "has_the_recipe": "2024-08-18 18:02:07 +0000"
    },
    "done": true
  },
  "create:recipes/create.base/smelting/zinc_ingot_from_ore": {
    "criteria": {
      "has_item": "2024-08-18 19:41:53 +0000"
    },
    "done": true
  },
  "minecraft:recipes/decorations/spruce_sign": {
    "criteria": {
      "has_spruce_planks": "2024-08-18 18:05:13 +0000"
    },
    "done": true
  },
  "minecraft:recipes/building_blocks/lime_wool": {
    "criteria": {
      "has_white_wool": "2024-08-18 18:02:23 +0000"
    },
    "done": true
  },
  "farmersdelight:main/plant_all_crops": {
    "criteria": {
      "potato": "2024-08-18 18:06:47 +0000"
    },
    "done": false
  },
  "minecraft:recipes/building_blocks/mossy_stone_bricks": {
    "criteria": {
      "has_mossy_cobblestone": "2024-08-18 18:22:59 +0000"
    },
    "done": true
  },
  "securitycraft:recipes/securitycraft/keycard_lv2": {
    "criteria": {
      "has_iron": "2024-08-18 18:24:10 +0000"
    },
    "done": true
  },
  "securitycraft:recipes/securitycraft/keycard_lv1": {
    "criteria": {
      "has_iron": "2024-08-18 18:24:10 +0000"
    },
    "done": true
  },
  "securitycraft:recipes/securitycraft/reinforced_cyan_stained_glass": {
    "criteria": {
      "has_glass": "2024-08-18 19:16:37 +0000"
    },
    "done": true
  },
  "minecraft:recipes/building_blocks/chiseled_nether_bricks_from_nether_bricks_stonecutting": {
    "criteria": {
      "has_nether_bricks": "2024-08-18 20:32:08 +0000"
    },
    "done": true
  },
  "tombstone:adventure/ashes_and_bones": {
    "criteria": {
      "coded_trigger": "2024-08-18 19:14:23 +0000"
    },
    "done": true
  },
  "minecraft:recipes/decorations/loom": {
    "criteria": {
      "has_string": "2024-08-18 18:16:56 +0000"
    },
    "done": true
  },
  "minecraft:recipes/building_blocks/green_wool": {
    "criteria": {
      "has_white_wool": "2024-08-18 18:02:23 +0000"
    },
    "done": true
  },
  "securitycraft:recipes/securitycraft/bouncing_betty": {
    "criteria": {
      "has_iron": "2024-08-18 18:24:10 +0000"
    },
    "done": true
  },
  "minecraft:recipes/decorations/stone_brick_wall_from_stone_bricks_stonecutting": {
    "criteria": {
      "has_stone_bricks": "2024-08-18 19:06:24 +0000"
    },
    "done": true
  },
  "minecraft:recipes/building_blocks/brown_wool": {
    "criteria": {
      "has_white_wool": "2024-08-18 18:02:23 +0000"
    },
    "done": true
  },
  "vampirism:recipes/vampirism/hunter/alchemical_cauldron": {
    "criteria": {
      "has_iron": "2024-08-18 18:24:10 +0000"
    },
    "done": true
  },
  "create:recipes/create.base/crafting/kinetics/light_blue_seat": {
    "criteria": {
      "has_wool": "2024-08-18 18:02:23 +0000"
    },
    "done": true
  },
  "minecraft:recipes/building_blocks/chiseled_stone_bricks_from_stone_bricks_stonecutting": {
    "criteria": {
      "has_stone_bricks": "2024-08-18 19:06:24 +0000"
    },
    "done": true
  },
  "securitycraft:recipes/securitycraft/reinforced_glass_pane": {
    "criteria": {
      "has_glass": "2024-08-18 19:16:37 +0000"
    },
    "done": true
  },
  "minecraft:recipes/decorations/painting": {
    "criteria": {
      "has_wool": "2024-08-18 18:02:23 +0000"
    },
    "done": true
  },
  "securitycraft:recipes/securitycraft/reinforced_brown_stained_glass_pane_from_glass": {
    "criteria": {
      "has_glass": "2024-08-18 19:16:37 +0000"
    },
    "done": true
  },
  "minecraft:recipes/building_blocks/white_stained_glass": {
    "criteria": {
      "has_glass": "2024-08-18 19:16:37 +0000"
    },
    "done": true
  },
  "create:recipes/create.base/crafting/kinetics/orange_seat": {
    "criteria": {
      "has_wool": "2024-08-18 18:02:23 +0000"
    },
    "done": true
  },
  "securitycraft:recipes/securitycraft/keycard_lv4": {
    "criteria": {
      "has_iron": "2024-08-18 18:24:10 +0000"
    },
    "done": true
  },
  "securitycraft:recipes/securitycraft/sc_manual": {
    "criteria": {
      "has_wood": "2024-08-18 18:01:04 +0000"
    },
    "done": true
  },
  "securitycraft:recipes/securitycraft/keycard_lv3": {
    "criteria": {
      "has_iron": "2024-08-18 18:24:10 +0000"
    },
    "done": true
  },
  "securitycraft:recipes/securitycraft/keycard_lv5": {
    "criteria": {
      "has_iron": "2024-08-18 18:24:10 +0000"
    },
    "done": true
  },
  "minecraft:recipes/building_blocks/coal_block": {
    "criteria": {
      "has_coal": "2024-08-18 19:42:35 +0000"
    },
    "done": true
  },
  "securitycraft:recipes/securitycraft/reinforced_yellow_stained_glass_pane_from_dye": {
    "criteria": {
      "has_glass": "2024-08-18 19:16:37 +0000"
    },
    "done": true
  },
  "create:recipes/create.base/crafting/kinetics/gray_seat": {
    "criteria": {
      "has_wool": "2024-08-18 18:02:23 +0000"
    },
    "done": true
  },
  "minecraft:recipes/redstone/light_weighted_pressure_plate": {
    "criteria": {
      "has_gold_ingot": "2024-08-18 20:05:24 +0000"
    },
    "done": true
  },
  "create:recipes/create.base/crafting/kinetics/magenta_seat": {
    "criteria": {
      "has_wool": "2024-08-18 18:02:23 +0000"
    },
    "done": true
  },
  "minecraft:recipes/tools/stone_shovel": {
    "criteria": {
      "has_cobblestone": "2024-08-18 18:05:53 +0000"
    },
    "done": true
  },
  "vampirism:recipes/vampirism/hunter/crossbow_arrow_normal": {
    "criteria": {
      "has_iron_ingot": "2024-08-18 18:24:10 +0000"
    },
    "done": true
  },
  "minecraft:recipes/building_blocks/blue_concrete_powder": {
    "criteria": {
      "has_sand": "2024-08-18 19:10:39 +0000"
    },
    "done": true
  },
  "securitycraft:recipes/securitycraft/reinforced_jungle_fence_gate": {
    "criteria": {
      "has_stick": "2024-08-18 18:10:11 +0000"
    },
    "done": true
  },
  "minecraft:recipes/building_blocks/mossy_cobblestone_slab": {
    "criteria": {
      "has_mossy_cobblestone": "2024-08-18 18:22:59 +0000"
    },
    "done": true
  },
  "minecraft:recipes/building_blocks/cyan_stained_glass": {
    "criteria": {
      "has_glass": "2024-08-18 19:16:37 +0000"
    },
    "done": true
  },
  "tombstone:adventure/root": {
    "criteria": {
      "auto": "2024-08-18 17:40:10 +0000"
    },
    "done": true
  },
  "minecraft:recipes/building_blocks/spruce_slab": {
    "criteria": {
      "has_planks": "2024-08-18 18:05:13 +0000"
    },
    "done": true
  },
  "vampirism:recipes/misc/leather_from_obi_belt": {
    "criteria": {
      "has_obi_belt": "2024-08-18 18:23:32 +0000"
    },
    "done": true
  },
  "cataclysm:root": {
    "criteria": {
      "custom_test_name": "2024-08-18 17:40:10 +0000"
    },
    "done": true
  },
  "securitycraft:recipes/securitycraft/reinforced_andesite": {
    "criteria": {
      "has_cobblestone": "2024-08-18 18:05:53 +0000"
    },
    "done": true
  },
  "minecraft:recipes/travelersbackpack/red_sleeping_bag_from_white_sleeping_bag": {
    "criteria": {
      "has_sleeping_bag": "2024-08-18 19:17:33 +0000"
    },
    "done": true
  },
  "minecraft:recipes/combat/golden_helmet": {
    "criteria": {
      "has_gold_ingot": "2024-08-18 20:05:24 +0000"
    },
    "done": true
  },
  "securitycraft:recipes/securitycraft/floor_trap": {
    "criteria": {
      "has_iron": "2024-08-18 18:24:10 +0000"
    },
    "done": true
  },
  "minecraft:recipes/tools/lead": {
    "criteria": {
      "has_slime_ball": "2024-08-18 18:50:21 +0000"
    },
    "done": true
  },
  "farmersdelight:recipes/farmersdelight/shepherds_pie_block": {
    "criteria": {
      "has_cooked_mutton": "2024-08-18 18:12:52 +0000"
    },
    "done": true
  },
  "securitycraft:recipes/securitycraft/reinforced_black_stained_glass": {
    "criteria": {
      "has_glass": "2024-08-18 19:16:37 +0000"
    },
    "done": true
  },
  "minecraft:recipes/redstone/oak_pressure_plate": {
    "criteria": {
      "has_planks": "2024-08-18 18:01:13 +0000"
    },
    "done": true
  },
  "securitycraft:recipes/securitycraft/laser_block": {
    "criteria": {
      "has_stone": "2024-08-18 18:05:53 +0000"
    },
    "done": true
  },
  "minecraft:recipes/building_blocks/brick_slab_from_bricks_stonecutting": {
    "criteria": {
      "has_bricks": "2024-08-18 20:04:21 +0000"
    },
    "done": true
  },
  "minecraft:recipes/building_blocks/oak_wood": {
    "criteria": {
      "has_log": "2024-08-18 18:01:04 +0000"
    },
    "done": true
  },
  "minecraft:story/root": {
    "criteria": {
      "crafting_table": "2024-08-18 18:01:49 +0000"
    },
    "done": true
  },
  "vampirism:recipes/misc/gold_nugget_from_accessory_blasting": {
    "criteria": {
      "has_ring": "2024-08-18 18:24:10 +0000"
    },
    "done": true
  },
  "minecraft:recipes/misc/coal": {
    "criteria": {
      "has_coal_block": "2024-08-18 20:30:36 +0000"
    },
    "done": true
  },
  "minecraft:recipes/combat/leather_chestplate": {
    "criteria": {
      "has_leather": "2024-08-18 19:19:17 +0000"
    },
    "done": true
  },
  "securitycraft:recipes/securitycraft/reinforced_light_gray_stained_glass_pane_from_dye": {
    "criteria": {
      "has_glass": "2024-08-18 19:16:37 +0000"
    },
    "done": true
  },
  "create:recipes/create.base/crafting/appliances/crafting_blueprint": {
    "criteria": {
      "has_item": "2024-08-18 18:01:49 +0000"
    },
    "done": true
  },
  "vampirism:recipes/vampirism/vampire/altar_tip": {
    "criteria": {
      "has_iron": "2024-08-18 18:24:10 +0000"
    },
    "done": true
  },
  "minecraft:recipes/redstone/oak_button": {
    "criteria": {
      "has_planks": "2024-08-18 18:01:13 +0000"
    },
    "done": true
  },
  "minecraft:recipes/misc/iron_ingot": {
    "criteria": {
      "has_iron_ore": "2024-08-18 19:44:16 +0000"
    },
    "done": true
  },
  "vampirism:recipes/vampirism/vampire/blood_container": {
    "criteria": {
      "has_iron": "2024-08-18 18:24:10 +0000"
    },
    "done": true
  },
  "securitycraft:recipes/securitycraft/reinforced_magenta_stained_glass": {
    "criteria": {
      "has_glass": "2024-08-18 19:16:37 +0000"
    },
    "done": true
  },
  "create:recipes/create.palettes/tiled_glass_from_glass_colorless_stonecutting": {
    "criteria": {
      "has_glass_colorless": "2024-08-18 19:16:37 +0000"
    },
    "done": true
  },
  "farmersdelight:recipes/farmersdelight/flint_knife": {
    "criteria": {
      "has_stick": "2024-08-18 18:10:11 +0000"
    },
    "done": true
  },
  "securitycraft:recipes/securitycraft/reinforced_pink_stained_glass": {
    "criteria": {
      "has_glass": "2024-08-18 19:16:37 +0000"
    },
    "done": true
  },
  "minecraft:recipes/food/cooked_beef": {
    "criteria": {
      "has_beef": "2024-08-18 19:19:18 +0000"
    },
    "done": true
  },
  "minecraft:recipes/redstone/iron_door": {
    "criteria": {
      "has_iron_ingot": "2024-08-18 18:24:10 +0000"
    },
    "done": true
  },
  "securitycraft:recipes/securitycraft/reinforced_purple_stained_glass": {
    "criteria": {
      "has_glass": "2024-08-18 19:16:37 +0000"
    },
    "done": true
  },
  "tombstone:adventure/find_easter_egg": {
    "criteria": {
      "coded_trigger": "2024-08-18 17:40:10 +0000"
    },
    "done": true
  },
  "minecraft:recipes/decorations/nether_brick_fence": {
    "criteria": {
      "has_nether_brick": "2024-08-18 20:32:08 +0000"
    },
    "done": true
  },
  "securitycraft:recipes/securitycraft/reinforced_pink_stained_glass_pane_from_dye": {
    "criteria": {
      "has_glass": "2024-08-18 19:16:37 +0000"
    },
    "done": true
  },
  "minecraft:recipes/redstone/oak_door": {
    "criteria": {
      "has_planks": "2024-08-18 18:01:13 +0000"
    },
    "done": true
  },
  "securitycraft:recipes/securitycraft/motion_activated_light": {
    "criteria": {
      "has_stick": "2024-08-18 18:10:11 +0000"
    },
    "done": true
  },
  "securitycraft:recipes/securitycraft/reinforced_lime_stained_glass_pane_from_dye": {
    "criteria": {
      "has_glass": "2024-08-18 19:16:37 +0000"
    },
    "done": true
  },
  "minecraft:recipes/transportation/jungle_boat": {
    "criteria": {
      "in_water": "2024-08-18 18:03:20 +0000"
    },
    "done": true
  },
  "minecraft:adventure/shoot_arrow": {
    "criteria": {
      "shot_arrow": "2024-08-18 19:18:48 +0000"
    },
    "done": true
  },
  "securitycraft:recipes/securitycraft/mine": {
    "criteria": {
      "has_iron": "2024-08-18 18:24:10 +0000"
    },
    "done": true
  },
  "create:recipes/create.base/crafting/kinetics/green_seat": {
    "criteria": {
      "has_wool": "2024-08-18 18:02:23 +0000"
    },
    "done": true
  },
  "minecraft:recipes/redstone/heavy_weighted_pressure_plate": {
    "criteria": {
      "has_iron_ingot": "2024-08-18 18:24:10 +0000"
    },
    "done": true
  },
  "farmersdelight:recipes/farmersdelight/golden_knife": {
    "criteria": {
      "has_gold_ingot": "2024-08-18 20:05:24 +0000"
    },
    "done": true
  },
  "minecraft:recipes/transportation/dark_oak_boat": {
    "criteria": {
      "in_water": "2024-08-18 18:03:20 +0000"
    },
    "done": true
  },
  "minecraft:recipes/building_blocks/pink_wool": {
    "criteria": {
      "has_white_wool": "2024-08-18 18:02:23 +0000"
    },
    "done": true
  },
  "vampirism:recipes/vampirism/hunter/crucifix": {
    "criteria": {
      "planks": "2024-08-18 18:01:13 +0000"
    },
    "done": true
  },
  "minecraft:recipes/building_blocks/nether_brick_stairs": {
    "criteria": {
      "has_nether_brick": "2024-08-18 20:32:08 +0000"
    },
    "done": true
  },
  "create:recipes/create.base/blasting/zinc_ingot_from_ore": {
    "criteria": {
      "has_item": "2024-08-18 19:41:53 +0000"
    },
    "done": true
  },
  "create:recipes/create.base/crafting/kinetics/pink_seat": {
    "criteria": {
      "has_wool": "2024-08-18 18:02:23 +0000"
    },
    "done": true
  },
  "securitycraft:recipes/securitycraft/reinforced_white_stained_glass": {
    "criteria": {
      "has_glass": "2024-08-18 19:16:37 +0000"
    },
    "done": true
  },
  "securitycraft:recipes/securitycraft/briefcase": {
    "criteria": {
      "has_iron": "2024-08-18 18:24:10 +0000"
    },
    "done": true
  },
  "minecraft:recipes/combat/golden_leggings": {
    "criteria": {
      "has_gold_ingot": "2024-08-18 20:05:24 +0000"
    },
    "done": true
  },
  "minecraft:recipes/redstone/spruce_trapdoor": {
    "criteria": {
      "has_planks": "2024-08-18 18:05:13 +0000"
    },
    "done": true
  },
  "farmersdelight:recipes/farmersdelight/barbecue_stick": {
    "criteria": {
      "has_cooked_beef": "2024-08-18 18:12:07 +0000"
    },
    "done": true
  },
  "duneons:dangerouscreepers": {
    "criteria": {
      "dangerouscreepers": "2024-08-18 18:03:54 +0000"
    },
    "done": true
  },
  "minecraft:recipes/food/cooked_beef_from_campfire_cooking": {
    "criteria": {
      "has_beef": "2024-08-18 19:19:18 +0000"
    },
    "done": true
  },
  "securitycraft:recipes/securitycraft/reinforced_fence_gate": {
    "criteria": {
      "has_iron": "2024-08-18 18:24:10 +0000"
    },
    "done": true
  },
  "vampirism:recipes/vampirism/weapontable/crucifix_enhanced": {
    "criteria": {
      "iron": "2024-08-18 18:24:10 +0000"
    },
    "done": true
  },
  "minecraft:recipes/decorations/soul_campfire": {
    "criteria": {
      "has_stick": "2024-08-18 18:10:11 +0000"
    },
    "done": true
  },
  "minecraft:story/smelt_iron": {
    "criteria": {
      "iron": "2024-08-18 18:24:10 +0000"
    },
    "done": true
  },
  "minecraft:recipes/building_blocks/mossy_cobblestone_stairs": {
    "criteria": {
      "has_mossy_cobblestone": "2024-08-18 18:22:59 +0000"
    },
    "done": true
  },
  "create:recipes/create.base/crafting/kinetics/light_gray_seat": {
    "criteria": {
      "has_wool": "2024-08-18 18:02:23 +0000"
    },
    "done": true
  },
  "minecraft:recipes/building_blocks/pink_stained_glass": {
    "criteria": {
      "has_glass": "2024-08-18 19:16:37 +0000"
    },
    "done": true
  },
  "DataVersion": 2586
}